utc,gps_sod,dE_m,dN_m,dU_m,d3_m,n_sat,n_fixed,clk_r,trop_wet
2024-04-28 23:59:42,767620800.0,102.47177180702735,448.46172018419594,-90583.74395800664,90584.91203190625,10,0,3103311.2538425527,15033.0045833314
2024-04-29 00:00:12,767620830.0,-1398.9459563460737,-1979.0308417046265,-57693.154843600474,57744.03630392368,11,0,3134467.86046881,8290.521934199613
2024-04-29 00:00:42,767620860.0,-1987.3243527061738,-2212.409733011701,-36658.40312981333,36778.835421169766,11,0,3153221.224727638,4733.6598536296515
2024-04-29 00:01:12,767620890.0,-2531.8978795443927,-2501.2334418964447,-22659.573047619317,22937.369646576703,11,0,3165655.5816346845,2386.1774467068026
2024-04-29 00:01:42,767620920.0,-3065.7738615277003,-2763.7063457914805,-14814.111617463936,15378.39215101743,11,0,3172591.043522576,1108.8208088899264
2024-04-29 00:02:12,767620950.0,-3556.5168688711833,-2970.5282223831427,-10678.192107770717,11640.302266221306,11,0,3176262.7571089193,464.71060842159204
2024-04-29 00:02:42,767620980.0,-3998.933413918869,-3136.149917166568,-8549.573108707025,9945.959234434204,11,0,3178183.1140146013,157.02901283913525
2024-04-29 00:03:12,767621010.0,-4403.1776662923385,-3285.7452160653434,-7461.818356283545,9266.219745289984,11,0,3179199.032788133,21.76223362836754
2024-04-29 00:03:42,767621040.0,-4802.15959159469,-3383.7709950777603,-6333.8623916112665,8638.776284066049,10,0,3180311.1554329013,-146.45461566568702
2024-04-29 00:04:12,767621070.0,-5238.459557381392,-3441.6943664042965,-5307.942082787835,8213.46259505025,10,0,3181345.3867313205,-283.7445288430681
2024-04-29 00:04:42,767621100.0,-5606.422352107212,-3469.9882821501624,-4357.270498817262,7903.075127336829,10,0,3182245.3111292166,-387.8684346334111
2024-04-29 00:05:12,767621130.0,-6002.932029420953,-3462.2069516020006,-3508.7670979260274,7767.465254061804,10,0,3183030.7087665163,-460.06303898599685
2024-04-29 00:05:42,767621160.0,-6232.291711486765,-3648.566469624134,-4838.911426374399,8693.017948481924,10,0,3182314.4385945876,-308.4145009212202
2024-04-29 00:06:12,767621190.0,-6481.9649320390345,-3917.820361119796,-5884.751104164346,9591.427491262817,10,0,3181746.0836759573,-192.85452189723696
2024-04-29 00:06:42,767621220.0,-6661.623130929723,-4233.907692813609,-7487.914974092264,10879.892818821301,10,0,3180764.0395425023,-26.997633582572007
2024-04-29 00:07:12,767621250.0,-6816.120714259814,-4629.576735803127,-9255.888295785107,12392.09225627791,10,0,3179647.349725173,136.6002306724675
2024-04-29 00:07:42,767621280.0,-6937.102413057735,-5005.058530718991,-10934.898769313879,13883.299747549809,10,0,3178631.162388669,249.73529151304714
2024-04-29 00:08:12,767621310.0,-7133.198341058824,-5467.783681595632,-12119.851537796258,15088.736801330657,10,0,3178087.2322415295,270.3059559738558
2024-04-29 00:08:42,767621340.0,-7233.450741953822,-5994.539076208674,-13190.099705962572,16193.703672282598,9,0,3177689.2794720945,258.77215953631094
2024-04-29 00:09:12,767621370.0,-7310.7841661177945,-6789.189915723279,-15836.726261028347,18717.440089447657,8,0,3176024.687925905,408.04989114891305
2024-04-29 00:09:42,767621400.0,-7242.33537661513,-6958.594992156277,-25493.006723221304,27400.12514136459,7,0,3168399.7595423837,1534.9955259981798
2024-04-29 00:10:12,767621430.0,-7045.521889523137,-8120.375359906243,-29533.561676174097,31429.462928308232,7,0,3166041.1271428843,1561.0872714663856
2024-04-29 00:10:42,767621460.0,-6870.855776107597,-9613.147363797018,-31271.755297026313,33429.686517992384,7,0,3165588.0764372316,1287.1152508895611
2024-04-29 00:11:12,767621490.0,-6411.953619055755,-11594.185642909579,-30236.333539028215,33011.72754974413,6,0,3167363.0807937686,685.722798482916
2024-04-29 00:11:42,767621520.0,-7516.430641729018,-8882.823235504464,-2121.312292362701,11827.98563014303,7,0,3186365.922342095,-950.569556069735
2024-04-29 00:12:12,767621550.0,-7443.0197148581055,-9833.296437822877,-6599.897425428973,13987.526848447887,8,0,3183259.9693302955,-644.420235722054
2024-04-29 00:12:42,767621580.0,-6457.640044671733,-11158.225168701954,-4378.540786343805,13615.385535477059,7,0,3185786.4800261883,-1144.2001077834284
2024-04-29 00:13:12,767621610.0,-6220.5719204124325,-12075.796122609823,-5350.7599862708985,14599.69175847695,7,0,3184915.78387493,-1003.8697043223074
2024-04-29 00:13:42,767621640.0,-5998.415030587847,-12960.037461221948,-5094.950007045111,15162.521869720333,7,0,3185139.480370863,-1073.117767424308
2024-04-29 00:14:12,767621670.0,-5656.831390300375,-13587.126386721771,-2105.0026726096994,14867.440300157006,7,0,3188040.612532964,-1671.8850295996526
2024-04-29 00:14:42,767621700.0,-5372.582943068336,-14188.682791994768,1217.8305587445077,15220.593882033945,7,0,3191224.2619143333,-2333.290051098724
2024-04-29 00:15:12,767621730.0,-5141.116822350575,-14710.10007159831,5228.921804198211,16436.537029797735,7,0,3194938.384030616,-3114.626599950221
2024-04-29 00:15:42,767621760.0,-5036.222912698592,-15288.14304762412,8831.180906182099,18359.755316145234,7,0,3198186.611454726,-3755.5660754657583
2024-04-29 00:16:12,767621790.0,-6693.036959854912,-16484.14497438039,-5730.840230266743,18691.34315738754,8,0,3186300.1566401883,-1748.1868092056561
2024-04-29 00:16:42,767621820.0,-6924.301690217571,-17202.291909344578,-2736.6519748091946,18744.440905577285,8,0,3189320.894652092,-2421.2449907288055
2024-04-29 00:17:12,767621850.0,-7221.768030671805,-17970.4663723498,-754.5717846793988,19381.97548514657,8,0,3190845.8902283194,-2687.9760544181963
2024-04-29 00:17:42,767621880.0,-7522.708136552725,-18701.837501732898,670.9110982352755,20169.28321360764,8,0,3191594.99283526,-2704.0017875185167
2024-04-29 00:18:12,767621910.0,-7803.83123195628,-17908.002193519773,-4951.832268209263,20152.343964721418,7,0,3187212.5671857204,-1804.0487474848633
2024-04-29 00:18:42,767621940.0,-8125.7895636405665,-18324.462834233927,-3671.0944700192026,20378.697917276168,9,0,3187795.9596137474,-1711.1828926075832
2024-04-29 00:19:12,767621970.0,-8529.506333942574,-19284.348612398633,-2734.771520655763,21263.056106201606,9,0,3187784.445878477,-1567.1114872396356
2024-04-29 00:19:42,767622000.0,-8755.058863985047,-19970.582609582183,-2706.510309540743,21972.719984873056,9,0,3187031.0151583874,-1310.8573489281334
2024-04-29 00:20:12,767622030.0,-8558.211192326882,-20123.99992836361,-14451.65338068091,26211.994150857612,8,0,3176511.5851972783,684.9148430800067
2024-04-29 00:20:42,767622060.0,-7749.091109703699,-19682.22147304978,-25291.001889445175,32970.790583675574,8,0,3168409.5841859463,1945.5539022512799
2024-04-29 00:21:12,767622090.0,-6563.619436929784,-19315.862798642618,-35584.125686511004,41017.2360921874,8,0,3162056.3112833872,2617.1637795736906
2024-04-29 00:21:42,767622120.0,-5682.414510649281,-19675.69229887874,-39878.279921737114,44829.6766843953,8,0,3160629.669099904,2337.266724124349
2024-04-29 00:22:12,767622150.0,-4888.439878694534,-20539.386787139098,-38722.371878907405,44104.2553272098,7,0,3163743.275865427,1149.8216555347026
2024-04-29 00:22:42,767622180.0,-4623.878972716148,-21821.643160650423,-42830.7930685808,48291.2124704762,7,0,3160848.3496016474,1537.5562283031759
2024-04-29 00:23:12,767622210.0,-4421.966550730594,-23305.940537786628,-44892.63758886673,50774.69411244106,7,0,3159673.459290118,1589.0733184125274
2024-04-29 00:23:42,767622240.0,-4333.894168994812,-24870.303672550734,-44384.38001842537,51061.60821060119,7,0,3160380.89464996,1287.8858942514635
2024-04-29 00:24:12,767622270.0,-4319.060077873146,-26380.214964937284,-40412.97916654429,48453.884330032,7,0,3163578.7336386032,578.4861555716052
2024-04-29 00:24:42,767622300.0,-4533.398365687774,-27634.21488970658,-32059.569889895174,42567.79950664088,7,0,3169950.7655552244,-565.591255356092
2024-04-29 00:25:12,767622330.0,-4855.253071910176,-28502.012375479,-21383.276480679495,35960.849613064376,7,0,3177785.5602394603,-1782.6351156536257
2024-04-29 00:25:42,767622360.0,-5128.763076998282,-29412.536380966623,-14823.905181039963,33333.911739820294,7,0,3182196.167175941,-2331.461753118667
2024-04-29 00:26:12,767622390.0,-5193.326630057528,-30790.6261729634,-14384.389825987306,34379.412040865536,7,0,3181884.3852152117,-2136.6567769823596
2024-04-29 00:26:42,767622420.0,-5193.558990949709,-32505.589721476757,-16716.19950458064,36919.070194282955,7,0,3179491.3935781643,-1670.4124382127775
2024-04-29 00:27:12,767622450.0,-5127.557933563669,-34403.18597455351,-19707.49132787923,39978.19743310348,7,0,3176501.348016463,-1177.8026590816735
2024-04-29 00:27:42,767622480.0,-11827.172142006179,-12151.793072655308,50975.35895061881,53721.832581378985,7,0,3217584.6065732716,-2665.496126146347
2024-04-29 00:28:12,767622510.0,-12227.605319959484,-9966.619557164799,49337.83481764926,51798.35694065599,7,0,3215009.7437362336,-1786.841235069589
2024-04-29 00:28:42,767622540.0,-12552.07108426758,-7296.649104607272,45165.043265547574,47441.29751428661,7,0,3210405.373284243,-797.5358671571448
2024-04-29 00:29:12,767622570.0,-13205.24658549791,-4813.535962276546,42792.76269856699,45041.86058789979,7,0,3207833.809234682,-214.39774178768857
2024-04-29 00:29:42,767622600.0,-8745.70819042412,-4289.607478848118,70650.36696619791,71318.73874749237,6,0,3234794.557665936,-4179.715924536183
2024-04-29 00:30:12,767622630.0,-6495.619819037,-2045.139282705949,82860.01916032452,83139.39166705804,6,0,3245485.7939043622,-4993.450704568944
2024-04-29 00:30:42,767622660.0,-4858.693534565607,1040.7171243627413,89678.68554016322,89816.23814882946,6,0,3250811.9844734427,-4837.961676715975
2024-04-29 00:31:12,767622690.0,-562.07683777689,5088.883309494689,98469.75812287106,98602.76836116698,5,0,3251537.7710923376,67.3659461977004
2024-04-29 00:31:42,767622720.0,812.8530625804111,9554.15560817888,102904.83190142404,103350.6025533813,5,0,3255363.4511121903,186.83616901862115
2024-04-29 00:32:12,767622750.0,2198.176997446356,14351.468782509939,106864.06362052765,107845.83780480192,5,0,3258924.492700951,370.3568369531131
2024-04-29 00:32:42,767622780.0,3626.17236843155,19452.882843188527,110360.93003904776,112120.91087767702,5,0,3262221.1136349877,607.3398438319418
2024-04-29 00:33:12,767622810.0,5050.643095718661,24827.53110396989,113385.35202180214,116181.55339599706,5,0,3265354.810203149,873.4827366954705
2024-04-29 00:33:42,767622840.0,6496.63744517161,30451.725237587947,115999.97057628186,120106.23231846804,5,0,3268367.2187144672,1135.6716030288662
2024-04-29 00:34:12,767622870.0,7690.058334797715,35998.65589209048,118769.33581989704,124343.05511096792,6,0,3272676.6767618046,675.2627283089241
2024-04-29 00:34:42,767622900.0,8537.541482984765,41361.99286581035,121065.60538666639,128220.84415587451,8,0,3277235.8131290637,-96.57515167011297
2024-04-29 00:35:12,767622930.0,9323.006372934655,46400.62696928961,120661.87961676285,129611.82748354069,8,0,3278774.1474442147,-94.40179936308232
2024-04-29 00:35:42,767622960.0,10046.823779530392,51268.721812769305,119813.7831277283,130708.69570059358,8,0,3280112.794083357,-112.86836817947915
2024-04-29 00:36:12,767622990.0,10721.75777090045,55934.38597783167,118285.5772346669,131282.479433294,8,0,3281052.686459393,-97.79464365196327
2024-04-29 00:36:42,767623020.0,11373.186592544567,60423.2853732206,116290.65008365232,131544.0537821492,8,0,3281622.4969829726,-12.590710549105097
2024-04-29 00:37:12,767623050.0,12056.864482116809,64825.574867644624,113741.81676777446,131472.14161066484,8,0,3281783.763775067,156.88960712773905
2024-04-29 00:37:42,767623080.0,12737.09656527647,69132.15703403637,111002.60341584141,131388.99014067507,9,0,3281890.804133394,325.469154004124
2024-04-29 00:38:12,767623110.0,13350.910494652537,73322.53096132814,107781.92029620327,131039.62263509561,9,0,3281746.542209476,534.1245217096875
2024-04-29 00:38:42,767623140.0,14114.269754163011,77426.53609283033,104223.69081573297,130601.1440580868,9,0,3281391.453205928,761.6058929694118
2024-04-29 00:39:12,767623170.0,14825.139561304715,81552.81651620234,100496.22920287451,130269.48502521309,9,0,3281068.2522157235,964.3883957412327
2024-04-29 00:39:42,767623200.0,15582.76059781648,85663.05240667936,96700.14296246169,130122.629178936,9,0,3280995.8495567217,1090.227677031944
2024-04-29 00:40:12,767623230.0,15999.8289236696,89484.21813649539,93912.3225764398,130701.73737478728,9,0,3281854.1305867615,985.3275208041887
2024-04-29 00:40:42,767623260.0,16539.06765912487,93297.28825573076,90528.15989002092,131046.83318561809,9,0,3282590.267150634,898.7208876105724
2024-04-29 00:41:12,767623290.0,1178899.838813993,528855.8417763462,-2995489.5955885616,3262277.003661086,10,0,1278379.3722014222,286287.3356114908
2024-04-29 00:41:42,767623320.0,1287236.8149923235,660879.029349594,-3819719.571999906,4084604.9157813033,9,0,463248.6890965849,437021.0075922529
2024-04-29 00:42:12,767623350.0,1374033.2985308212,810999.4906637641,-4395076.139533352,4675722.612775887,9,0,14794.382381659001,485961.74181063985
2024-04-29 00:42:42,767623380.0,1400057.0210880316,833382.4648260832,-4256067.584163333,4557279.591592269,9,0,298689.50448739715,387523.6749482234
2024-04-29 00:43:12,767623410.0,1406968.0039298846,780469.809690732,-3960960.769809077,4275266.343502782,9,0,708376.1877655443,272781.0574511223
2024-04-29 00:43:42,767623440.0,1408678.8241644478,697987.4310978581,-3211119.428096969,3575311.240314852,8,0,1630185.8277791205,24096.30884449427
2024-04-29 00:44:12,767623470.0,1411703.5738843405,597716.323472256,-3148322.665248549,3501729.1997498516,8,0,1712409.450354794,6026.0133043347805
2024-04-29 00:44:42,767623500.0,1411213.8061055064,510659.66193715145,-3037862.014364642,3388348.169121963,9,0,1836414.2397220223,-21138.23813218341
2024-04-29 00:45:12,767623530.0,1405373.8333316764,458467.3554214014,-2924398.5178694166,3276793.3439137274,9,0,1950209.9992655031,-43481.295575091615
2024-04-29 00:45:42,767623560.0,1376934.2121851048,505662.9802176665,-2863234.0718628922,3217103.0795616396,9,0,1999651.9326502932,-49508.88474357955
2024-04-29 00:46:12,767623590.0,1117002.755879616,950605.0395839784,-2883178.982043533,3234820.882278136,9,0,1963982.8097898155,-37286.412340851035
2024-04-29 00:46:42,767623620.0,-763165.592195829,1264386.08921206,-2946865.6901826393,3296226.827704699,10,0,1886246.6238543983,-18181.386095146987
2024-04-29 00:47:12,767623650.0,-1245719.4749107885,830312.9569290916,-2966125.8953155153,3322520.0441047167,10,0,1849444.7638579211,-8939.548064433662
2024-04-29 00:47:42,767623680.0,-1318927.1843669608,763846.0704911579,-2955574.0090441643,3325424.402990442,10,0,1835362.9751207028,-4034.7943292968503
2024-04-29 00:48:12,767623710.0,-1339419.61720351,795879.7308183152,-2914041.36291294,3304407.1361810933,10,0,1843311.63310661,-2759.477052216756
2024-04-29 00:48:42,767623740.0,-1345996.8959013238,855649.3180460109,-2750299.293890605,3179306.466074601,9,0,1975856.923002356,-32518.335006077774
2024-04-29 00:49:12,767623770.0,-1348746.6053293755,933797.2070162969,-2584371.162747763,3061056.833196858,9,0,2110295.323404762,-64486.907793230625
2024-04-29 00:49:42,767623800.0,-1350144.166774501,1020780.7968923042,-2411449.9552774113,2946179.490999611,9,0,2254671.2278992985,-101311.19077757502
2024-04-29 00:50:12,767623830.0,-1351004.1667612863,1113833.5631206373,-2222520.3783878842,2829387.6187772145,9,0,2417074.6638740967,-144130.75290740957
2024-04-29 00:50:42,767623860.0,-1351304.1561526628,1212444.6923297418,-2012597.1002995106,2710459.765893606,9,0,2601059.476302948,-192829.5591996935
2024-04-29 00:51:12,767623890.0,-1350652.8992641866,1316607.1124317592,-1784766.9492609762,2596750.0083702668,9,0,2800152.275094593,-244181.8740255041
2024-04-29 00:51:42,767623920.0,-1347483.3149814003,1423540.0650131737,-1578000.328749239,2516398.7439163295,10,0,2961723.314686302,-281614.23768017144
2024-04-29 00:52:12,767623950.0,-1342756.386035164,1542705.4703540513,-1335996.822385278,2442912.685693471,10,0,3163947.3993714955,-329239.0673116247
2024-04-29 00:52:42,767623980.0,-1333710.3746756355,1658849.8850805413,-1342354.3993480527,2516442.2580695585,10,0,3073034.512937123,-300061.65687618963
2024-04-29 00:53:12,767624010.0,-1322622.6505625562,1759886.0381313846,-1425736.058010478,2622832.9817398135,11,0,2877540.36083379,-242298.16451727797
2024-04-29 00:53:42,767624040.0,-1320157.5472749094,1851391.6002928785,-1471566.0887004086,2708500.2419558596,11,0,2720215.504463255,-195630.95463778835
2024-04-29 00:54:12,767624070.0,-1303546.1320944475,1913894.5108405561,-1565867.1066543898,2795382.713122873,10,0,2488878.17978539,-128546.82249643277
2024-04-29 00:54:42,767624100.0,-1356733.439824339,1986466.0753497093,-1366363.8563952658,2766536.333272383,9,0,2557476.7908543576,-115751.35358216148
2024-04-29 00:55:12,767624130.0,-1354726.624347298,2033514.742358339,-1325068.859769181,2779617.584710912,9,0,2470770.6858740477,-82585.36458453687
2024-04-29 00:55:42,767624160.0,-1354663.5073906723,2077344.709620771,-1236503.1002452238,2771175.5948985717,9,0,2440773.312797202,-65106.727773230814
2024-04-29 00:56:12,767624190.0,-1314557.5214240805,2021779.1321698981,-1996512.2428430554,3130768.830851696,9,0,1557176.9994525244,94481.32614028081
2024-04-29 00:56:42,767624220.0,-1234929.8616100643,2008454.5437753086,-2030322.311664428,3111454.6608861787,10,0,1414172.0412281656,116207.49611922604
2024-04-29 00:57:12,767624250.0,-1455746.62384969,2271128.362814532,-241005.29196866468,2708376.972281977,11,0,3021196.9428068977,-85209.04795399599
2024-04-29 00:57:42,767624280.0,-1425869.8631544446,2291922.546047157,96829.82633761135,2700997.933912562,10,0,3226782.326773256,-103938.6569212747
2024-04-29 00:58:12,767624310.0,-1452112.5880367814,2282637.811768338,-690441.5967532352,2792091.679471966,9,0,2365407.0096495687,27106.810830557428
2024-04-29 00:58:42,767624340.0,-1454637.8787632075,2276964.117735428,-720264.8225993257,2796304.412338084,9,0,2238033.0222758977,43024.28789619164
2024-04-29 00:59:12,767624370.0,-1450628.0539271447,2274325.4746193457,-677986.3235272068,2781464.2852700637,9,0,2183765.946586262,46256.01180137438
2024-04-29 00:59:42,767624400.0,-1436916.8574727753,2268064.560113564,-656984.2032261515,2764140.942032673,9,0,2112151.432492209,50162.79349180439
2024-04-29 01:00:12,767624430.0,-1294072.2577499177,2235010.8671457176,-344891.84773193835,2605541.5888389447,7,0,2277656.5635563545,43721.69196686201
2024-04-29 01:00:42,767624460.0,-1285563.7243583635,2243051.2533691768,-298088.01412304275,2602462.1954585626,7,0,2217339.2649619267,55923.37004277529
2024-04-29 01:01:12,767624490.0,-1278232.8175676463,2242919.759288615,-203776.53415758582,2589612.530551144,7,0,2209533.2173538757,56482.5231770525
2024-04-29 01:01:42,767624520.0,-1286303.0757643003,2267092.2764121005,-83355.67421566947,2607917.0157257784,6,0,2206770.207001182,55992.03998121103
2024-04-29 01:02:12,767624550.0,-1391918.595697892,2238141.1396732777,443750.2304716355,2672756.51812716,5,0,2597848.4288767665,-45798.92131116468
2024-04-29 01:02:42,767624580.0,-1392801.5926141231,2233411.38566551,524574.1768274297,2683877.933327622,5,0,2562226.341579275,-38154.624745884124
2024-04-29 01:03:12,767624610.0,-1459118.3865013819,2366898.653630156,693116.1295921715,2865596.913643556,4,0,2428118.2600848014,0.0015976934628478138
2024-04-29 01:03:42,767624640.0,-1460182.4450749056,2352053.078427191,793228.6343106457,2879843.419864019,5,0,2395037.701321633,8005.743535784454
2024-04-29 01:04:12,767624670.0,-1462539.5638592253,2330536.255505247,905242.1694996295,2896529.7511881953,5,0,2377410.851367922,11707.347249622057
2024-04-29 01:04:42,767624700.0,-1463640.7907148628,2300986.844304797,1018195.7378301846,2910928.9552381267,5,0,2364154.445273238,14524.66852347272
2024-04-29 01:05:12,767624730.0,-1265716.3625909283,1716363.1481665224,-5995792.386369111,6363761.993298957,6,0,-5390918.063713237,2053345.3608168415
2024-04-29 01:05:42,767624760.0,-70696.8540094325,659128.7407951,-10718203.134042634,10738683.679330084,8,0,-6060265.679565714,1882660.1150770898
2024-04-29 01:06:12,767624790.0,98728.15338051232,306240.59512946993,-11194062.803960823,11198686.20014841,8,0,-6094652.691990544,1878500.678326171
2024-04-29 01:06:42,767624820.0,197499.78265671936,16688.041353912082,-12430109.883360904,12431690.004472446,8,0,-6775569.192733677,1965672.9830228502
2024-04-29 01:07:12,767624850.0,268848.7542335476,-190092.2317893537,-13311360.228090378,13315431.86799534,8,0,-6968253.354207696,1899782.78638681
2024-04-29 01:07:42,767624880.0,318748.5920666225,-231238.99647433974,-13398440.19618529,13404225.894440481,8,0,-6392124.603765137,1648296.4683396267
2024-04-29 01:08:12,767624910.0,351727.3512332953,-106045.74585762559,-12930169.969215402,12935387.634803215,8,0,-5402914.015349065,1316197.7105338576
2024-04-29 01:08:42,767624940.0,409310.40048439265,-23938.877164028152,-11788524.778473265,11795652.780853746,9,0,-4077772.4034311147,988444.6801490107
2024-04-29 01:09:12,767624970.0,445827.93272319756,231756.83008863468,-10243548.711085299,10255864.857254423,9,0,-2562918.0957023064,649389.9520813854
2024-04-29 01:09:42,767625000.0,600483.7659704277,643423.8289975249,-6876859.065874351,6932947.828219546,8,0,164106.3892314341,154879.2253306659
2024-04-29 01:10:12,767625030.0,1121791.982393899,1036930.5475039644,6424502.79535088,6603626.153832557,9,0,8556347.413388832,-784467.1868360274
2024-04-29 01:10:42,767625060.0,1149677.4879660055,868487.8881681693,7173948.697667915,7317210.49683565,10,0,8523545.553569004,-605911.3935134037
2024-04-29 01:11:12,767625090.0,1191317.4725316225,679405.7212767885,7105584.537341366,7236723.089338675,9,0,8331945.977196548,-529688.7795261252
2024-04-29 01:11:42,767625120.0,1152887.1419157751,537545.6849783695,8288770.555498669,8385810.720922295,9,0,9719552.31142431,-902331.5469162951
2024-04-29 01:12:12,767625150.0,1128409.507768274,392065.2838047311,9184313.99802924,9261676.242364692,9,0,10660203.72596234,-1115858.9079858325
2024-04-29 01:12:42,767625180.0,1147099.5998374752,191823.75760378127,9379112.002667302,9450945.762435969,10,0,10708161.795654522,-1062292.0894376156
2024-04-29 01:13:12,767625210.0,1223296.7426129873,-43256.45039704994,9012986.100535171,9095726.71585007,10,0,10152698.543072624,-863798.663741452
2024-04-29 01:13:42,767625240.0,1321772.2176495553,-314583.69804374845,8220867.573877195,8332389.115112822,10,0,9191341.847773166,-585214.8409277922
2024-04-29 01:14:12,767625270.0,1393560.0024784086,-584963.4014658938,7630703.933905228,7778935.286302291,10,0,8507725.620082611,-388737.24531753163
2024-04-29 01:14:42,767625300.0,1444531.895431892,-849223.3065127104,7249030.874411042,7440181.532691858,10,0,8084519.238201031,-261675.79344932965
2024-04-29 01:15:12,767625330.0,1483463.8391154432,-1109675.055520807,6993235.657267712,7234458.42125648,10,0,7819092.910455852,-175033.95069716973
2024-04-29 01:15:42,767625360.0,1560508.193944709,-1305434.106128127,4618912.44644344,5047147.334556547,9,0,5268521.733023564,440667.09410995815
2024-04-29 01:16:12,767625390.0,1548986.8016674833,-1500704.9086791584,2832686.6387688126,3560279.3328800946,9,0,3466160.649212514,834415.1353225125
2024-04-29 01:16:42,767625420.0,1485765.7924025734,-1714872.9095031128,2151223.5984234503,3126667.8838717835,9,0,2890348.500826627,931806.1221105546
2024-04-29 01:17:12,767625450.0,1416713.6258048164,-1955633.8897437397,2231954.3470234293,3288343.2934309095,9,0,3143275.1960626096,842637.3304996924
2024-04-29 01:17:42,767625480.0,710323.896324945,-1071315.7823372153,-1336836.9531406781,1854564.7959716865,10,0,362098.25374074734,1025966.515919898
2024-04-29 01:18:12,767625510.0,674920.6127303056,-1306828.9826997546,-730238.9744457745,1642123.2546042162,10,0,1125076.0816466368,833184.5472912393
2024-04-29 01:18:42,767625540.0,627985.9047664398,-1506620.7178089086,-221252.1094715161,1647186.929240865,10,0,1817962.3835647583,650349.4368619274
2024-04-29 01:19:12,767625570.0,594898.3720411852,-1627999.699231349,139953.29034434995,1738928.9856784907,11,0,2382590.109804181,484204.42844560416
2024-04-29 01:19:42,767625600.0,471528.18633426435,-1772831.540689924,1030938.9186136061,2104306.4311275776,10,0,3633192.877101355,142937.22205410257
2024-04-29 01:20:12,767625630.0,465104.7202955256,-1871976.4908499566,795641.7673705174,2086543.6024968605,9,0,3532105.756472884,158176.8937526124
2024-04-29 01:20:42,767625660.0,437081.2033661475,-1928497.5045467794,980769.4710263192,2207272.379810974,9,0,3875829.7587415874,66845.39638509689
2024-04-29 01:21:12,767625690.0,411112.82058705186,-1952510.8991196123,1206246.985000597,2331596.953003445,9,0,4252880.1059623305,-27433.03282523621
2024-04-29 01:21:42,767625720.0,402743.91723529284,-1966997.701641123,1313415.1803180466,2399237.807517499,9,0,4470403.214120836,-75051.62440142361
2024-04-29 01:22:12,767625750.0,409092.6112183669,-1988979.6102861883,1292107.614869115,2406852.4556130175,9,0,4528734.879478012,-80097.73831270816
2024-04-29 01:22:42,767625780.0,421628.7153743855,-2022445.3362241047,1188806.629975826,2383551.366158776,9,0,4495112.673460579,-63118.33084466061
2024-04-29 01:23:12,767625810.0,439160.6028370376,-2072065.9307859926,984813.1588759471,2335845.9312427766,8,0,4357030.683809666,-23475.333198753975
2024-04-29 01:23:42,767625840.0,422443.58567033755,-2060935.8785914532,1248539.5556603225,2446378.2006852524,8,0,4739089.133868039,-106773.62165756598
2024-04-29 01:24:12,767625870.0,-119917.62277683675,-681153.4745024962,2773583.6051545665,2858516.452088648,9,0,6834103.393833739,-794626.083772376
2024-04-29 01:24:42,767625900.0,-99986.36071496704,-590203.6777713554,1669553.4738705603,1773625.229775759,9,0,5696366.524119869,-554416.3888142498
2024-04-29 01:25:12,767625930.0,-70194.8556379017,-556989.9821925194,788743.84155092,968133.2581857478,9,0,4799241.140512815,-364877.02909170673
2024-04-29 01:25:42,767625960.0,-41425.003000716024,-539477.6405585859,172699.11641744975,567958.7488080767,9,0,4184555.2230584347,-235641.71561441978
2024-04-29 01:26:12,767625990.0,-13803.534349479829,-511794.0698614464,-212767.43750936346,554430.9605083227,9,0,3804042.3252989072,-154315.22944783326
2024-04-29 01:26:42,767626020.0,75130.1008593561,-475029.5527324407,-217365.83402834804,527774.1125018913,9,0,3604002.398431875,-73991.12748859287
2024-04-29 01:27:12,767626050.0,92757.98262583301,-463437.8614782968,-384829.17788251984,609485.1851703431,9,0,3449985.2760694535,-42915.3972671681
2024-04-29 01:27:42,767626080.0,106691.05352032623,-446438.92219089536,-506243.7386596302,683354.5310308005,9,0,3346850.381453677,-23240.49269612471
2024-04-29 01:28:12,767626110.0,117134.38287451315,-424343.3372240603,-589016.0199570688,735341.8274951533,9,0,3283923.872695029,-12111.590098428831
2024-04-29 01:28:42,767626140.0,124932.16505560547,-398847.7797644396,-645906.9946190158,769339.6148556718,9,0,3246827.879553319,-6209.270442993031
2024-04-29 01:29:12,767626170.0,130764.24942276329,-371301.05718527315,-685664.0584413805,790632.0035467227,9,0,3225652.2394961743,-3356.135111873067
2024-04-29 01:29:42,767626200.0,136173.5210536685,-342925.3943594822,-730383.1832073395,818291.2979158745,9,0,3200897.207988934,-568.2405472509272
2024-04-29 01:30:12,767626230.0,163177.7343575889,-365340.83072649053,-1533016.6940121136,1584374.0340291583,9,0,2376725.936465368,200286.42967733648
2024-04-29 01:30:42,767626260.0,171748.7399898719,-346023.15932959743,-1850036.1638159426,1889937.423278177,9,0,2099976.8845390324,254213.24026131883
2024-04-29 01:31:12,767626290.0,170583.66082737688,-315550.06903071655,-1981658.894793906,2013862.6087005946,9,0,2015559.5177080305,262497.5963678124
2024-04-29 01:31:42,767626320.0,165826.74581617225,-280283.2376048715,-2074091.1437033282,2099502.625694674,9,0,1972796.5994578633,259733.22681620799
2024-04-29 01:32:12,767626350.0,158120.0704358211,-242677.45514783153,-2164227.0057735424,2183523.0331808203,9,0,1934829.4440389369,254069.76606249894
2024-04-29 01:32:42,767626380.0,144476.4369547944,-206832.12311157727,-2258309.015261745,2272358.373232195,9,0,1895430.4204900297,246709.23423265578
2024-04-29 01:33:12,767626410.0,106511.1019366561,-188509.10283657463,-2350329.1733497656,2360281.237434854,9,0,1860103.4217401014,236621.43946195592
2024-04-29 01:33:42,767626440.0,-431434.83075160126,-77445.29058936353,-363936.72575281793,569722.4996187316,10,0,3579360.5720066084,-2836.7524742761666
2024-04-29 01:34:12,767626470.0,-334131.66575659276,252273.82971761288,-156665.71689467903,447023.71533486934,10,0,3769842.7136298856,-35745.22537873407
2024-04-29 01:34:42,767626500.0,-278715.4248766548,295711.32499991177,66519.14331246015,411767.2549200595,10,0,3958343.975479674,-62493.42023347179
2024-04-29 01:35:12,767626530.0,-260539.64077526,309764.1046912804,292043.3005750101,499123.2256479734,10,0,4133293.0740620415,-80527.29533511952
2024-04-29 01:35:42,767626560.0,-258249.83640204117,322560.8996827697,446521.02464682586,608374.5042796338,10,0,4239930.414399747,-83285.31526800148
2024-04-29 01:36:12,767626590.0,-261539.24494660704,331353.44798366394,449288.74608570355,616488.6548000439,10,0,4227040.978006286,-68854.25363477704
2024-04-29 01:36:42,767626620.0,-129445.72011965318,290715.81595260015,651953.9295605429,725476.2617561757,8,0,4406613.996940956,-105448.11079528551
2024-04-29 01:37:12,767626650.0,-483690.90788788523,-234478.31647496845,-6933325.8964809105,6954131.503076654,9,0,-755726.8633765567,460156.137421176
2024-04-29 01:37:42,767626680.0,-469939.66002911626,-524185.1350980743,-7314266.254005182,7348068.057279074,9,0,-1000892.0956063753,439684.84092598717
2024-04-29 01:38:12,767626710.0,-460506.030933743,-846883.6209498823,-7727585.42473853,7787480.604700785,9,0,-1279852.9689894167,416820.8298746033
2024-04-29 01:38:42,767626740.0,-450804.8492189468,-1177714.8909120841,-8497359.807462294,8590422.636508113,9,0,-1925976.7472124416,456539.1844163162
2024-04-29 01:39:12,767626770.0,-428992.04173238255,-1350357.4857453273,-9087185.876974367,9196980.30191761,8,0,-2495681.7826666674,505947.8318720898
2024-04-29 01:39:42,767626800.0,-354335.8091440081,311176.21530683973,-322326.1526591749,571208.0630580187,9,0,4146803.843601955,-82769.03889304845
2024-04-29 01:40:12,767626830.0,-484292.59040727746,258497.76806680282,-1609478.6808147577,1700524.0466444814,9,0,3165660.117977822,25986.26590699624
2024-04-29 01:40:42,767626860.0,-442898.9968783804,677749.8013988003,2484397.8744562212,2612993.8984495504,7,0,6899721.365853538,-639557.1404918594
2024-04-29 01:41:12,767626890.0,-475847.7666127138,477742.2600766884,1521830.4380832973,1664522.9485742426,7,0,6094641.326217193,-508020.7196698078
2024-04-29 01:41:42,767626920.0,-560850.3155543671,201048.79593997909,-783784.8608456231,984526.486640731,7,0,4042102.68238381,-163491.05369909748
2024-04-29 01:42:12,767626950.0,-610634.7410717101,63066.451331557,-2202399.6630658126,2286354.399510206,7,0,2753586.9035048326,52357.0338836546
2024-04-29 01:42:42,767626980.0,-625471.2188512944,26915.17489936427,-2686555.036141991,2758535.233501846,7,0,2311587.8711875677,122048.7843734345
2024-04-29 01:43:12,767627010.0,-625706.4850210814,24099.390306553178,-2736948.3620951977,2807663.7481696717,7,0,2275029.158194191,120552.7523812916
2024-04-29 01:43:42,767627040.0,-623197.278189972,278.4215655712715,-2660707.0822980823,2732716.067002412,7,0,2350065.1558580035,103999.65032637442
2024-04-29 01:44:12,767627070.0,-548902.6568503494,404352.58605587494,-424964.0068742571,803361.4053998797,6,0,4670910.341252461,-378395.9346207929
2024-04-29 01:44:42,767627100.0,-544014.6225310264,422627.10110645473,225235.42415090807,724773.4628210805,6,0,5384648.863973102,-531001.464633333
2024-04-29 01:45:12,767627130.0,-565145.5884976207,319572.53812858847,346230.13816935907,735793.0768232626,6,0,5558218.05785649,-576254.132519821
2024-04-29 01:45:42,767627160.0,-1069709.5589172204,-1343146.7480586073,-5945278.335901547,6188267.6266140565,8,0,-363714.14895642403,422747.8917931585
2024-04-29 01:46:12,767627190.0,-1011874.2308867376,-1309867.0937180873,-5649440.969297501,5886919.7826975,8,0,-121062.4011924484,396660.7730900671
2024-04-29 01:46:42,767627220.0,-975126.1208745529,-1316352.3202056854,-5522407.512073953,5760263.805758688,8,0,-39767.68780235014,392331.4738393503
2024-04-29 01:47:12,767627250.0,-933823.418876994,-1292220.6432230568,-5314754.059552599,5548735.989569675,8,0,145519.40624528783,366060.08142242517
2024-04-29 01:47:42,767627280.0,-888798.7749671688,-1244971.695544847,-4959249.044589136,5189804.319177093,8,0,504483.30427488394,305382.27723876893
2024-04-29 01:48:12,767627310.0,-847030.6573949289,-1207469.4436453588,-4391360.789372639,4632439.203523734,8,0,1089313.3924612456,202082.26520061446
2024-04-29 01:48:42,767627340.0,-823440.1601486295,-1240426.086049283,-3643816.155696615,3936255.4222017652,8,0,1829857.8662326979,71500.01982421605
2024-04-29 01:49:12,767627370.0,-829645.807910998,-1381829.8886603469,-2957880.5335785598,3368504.6027432326,8,0,2445766.680600011,-33965.1949161575
2024-04-29 01:49:42,767627400.0,-856743.9270507543,-1581423.8105650612,-2576906.717282491,3142508.4971621144,8,0,2706253.2122266125,-74800.38510285474
2024-04-29 01:50:12,767627430.0,-798110.3753482164,341420.3683791043,-5619658.624080539,5686309.092054824,10,0,1057780.081120602,233871.09604412815
2024-04-29 01:50:42,767627460.0,-914849.695062266,140346.21889396443,-7699608.269309396,7755038.009354369,9,0,-887794.8590659405,540672.9488159375
2024-04-29 01:51:12,767627490.0,-972490.2615783104,213453.78640210428,-9172445.03229393,9226323.628523316,9,0,-2168725.6557720443,736257.8038856653
2024-04-29 01:51:42,767627520.0,-946501.592331398,291740.02797481074,-8138214.797103645,8198263.083849245,9,0,-1089201.009049573,558668.7248903875
2024-04-29 01:52:12,767627550.0,-930112.032497199,206698.78054282715,-6923245.353511664,6988501.914129725,9,0,113162.60978528019,357569.43643838994
2024-04-29 01:52:42,767627580.0,-1002844.0518889934,181809.1589196575,-5390775.050291412,5486274.364768916,8,0,1661761.3239048196,82629.68511719578
2024-04-29 01:53:12,767627610.0,-1040537.4416374478,-7190.275572090772,-5017787.147330337,5124544.635714058,8,0,2027388.0360999403,14321.253306354507
2024-04-29 01:53:42,767627640.0,-1067669.5562565038,-214786.1776561571,-4870943.71313548,4991206.6717381235,8,0,2153052.6842053425,-10013.213993660394
2024-04-29 01:54:12,767627670.0,-1085064.1054419558,-426395.4149218739,-4818118.013121752,4957160.311221864,8,0,2173051.74461706,-14449.540555996891
2024-04-29 01:54:42,767627700.0,-1138686.4726732743,-1856646.6179819957,2102848.8614093745,3027493.498100993,8,0,5982709.530341144,-477988.68618741597
2024-04-29 01:55:12,767627730.0,-1212295.4818263839,-1986632.1095018606,2485428.9871282317,3404955.9062956665,8,0,5978469.395359379,-442061.3511394271
2024-04-29 01:55:42,767627760.0,-1275114.4016488632,-2045792.1527628354,2686618.041753416,3609584.2934988085,8,0,5863179.722061286,-386467.027834528
2024-04-29 01:56:12,767627790.0,-554509.7700802302,-1337280.9305794248,-696316.0200500529,1606442.4584105553,9,0,3315740.7205654313,73039.6400396438
2024-04-29 01:56:42,767627820.0,-1469382.8145443148,-1807151.2550071978,-1199780.8698357674,2619991.5362031483,8,0,1437840.2823163515,761367.6480871362
2024-04-29 01:57:12,767627850.0,-1518640.1430791293,-1551052.3304337848,-437802.060415961,2214430.369196542,8,0,1663233.7625763207,807243.8222019018
2024-04-29 01:57:42,767627880.0,-1733056.012320469,-1139679.4466304656,5618359.859847286,5989016.6052245395,8,0,5845787.183107739,180630.73542261656
2024-04-29 01:58:12,767627910.0,-2211797.136359585,-685798.5445113966,15969869.477899875,16136886.23487259,8,0,13255836.896707613,-978788.4292632523
2024-04-29 01:58:42,767627940.0,-2263206.508312121,-410761.5652082358,15008938.630576424,15184171.613200637,8,0,12411335.54564456,-789144.5992300895
2024-04-29 01:59:12,767627970.0,-2228441.5192708015,-102399.48520846725,12984883.855892844,13175114.648852495,8,0,10801350.954699315,-482243.1426310865
2024-04-29 01:59:42,767628000.0,-870224.3694065117,-1447249.1843748211,-4030391.3806667095,4369882.7599988375,9,0,1433307.0086473264,293130.4761080061
2024-04-29 02:00:12,767628030.0,-921110.7087429523,-1497192.4993395214,-4070944.6744826166,4434255.389638473,8,0,1259903.8889601335,345008.3467401117
2024-04-29 02:00:42,767628060.0,-815735.7052456941,-1760104.231575446,-2953640.2376209553,3533749.0431715795,8,0,2493891.2965733767,29508.203192672005
2024-04-29 02:01:12,767628090.0,-1269359.4633003294,-1588803.1065127172,-2672668.3165626046,3358381.260174632,9,0,2866139.0870689307,21790.373863459186
2024-04-29 02:01:42,767628120.0,-1246866.782128701,-1742722.06009956,-2297919.34556668,3142004.180433762,9,0,3166802.441525383,-41111.77487378166
2024-04-29 02:02:12,767628150.0,-1240985.9911390478,-1840281.3428008973,-2182536.4532674514,3112900.0980927264,9,0,3171360.8415674632,-37394.701603564274
2024-04-29 02:02:42,767628180.0,-1199080.9359922584,-2027306.9840250458,-1450884.7863940783,2766375.8533371035,8,0,3842042.861716262,-175135.99944359815
2024-04-29 02:03:12,767628210.0,-1268716.5811121792,-3051599.8781843507,-2673785.8649651427,4251003.932180152,7,0,2663469.7289593546,-112810.96418463436
2024-04-29 02:03:42,767628240.0,-1269161.0643781018,-3176665.7047333745,-2611018.871078578,4303416.590581371,7,0,2548830.949410798,-84472.61134023446
2024-04-29 02:04:12,767628270.0,-1603572.5729356108,-768171.5633341536,6132892.65730107,6385444.76864094,7,0,11272582.202362785,-1404011.1541671823
2024-04-29 02:04:42,767628300.0,-2126201.922642895,-596983.252525163,10033137.958033524,10273314.017617635,7,0,15094451.664979454,-2020077.5129888356
2024-04-29 02:05:12,767628330.0,-2436793.4058137145,-279051.94029364496,10735256.562352438,11011882.924710464,7,0,15504256.541075122,-1918188.6001740023
2024-04-29 02:05:42,767628360.0,-1372100.3781353307,-566718.0930856089,-3235579.7019490465,3559888.3202109574,6,0,2914359.87162052,88798.4412840041
2024-04-29 02:06:12,767628390.0,-1250368.9838438912,-776725.0196417103,-4120016.7935660556,4375072.882954357,6,0,2125005.798066216,178317.22842443062
2024-04-29 02:06:42,767628420.0,-1170083.6943845102,-997569.8022951686,-4511930.699798396,4766734.731668941,6,0,1800605.3304164195,185767.447667645
2024-04-29 02:07:12,767628450.0,-1122562.361252199,-1213825.7267199128,-4636964.203210993,4922901.1945810355,6,0,1710471.0724444296,159848.0428126276
2024-04-29 02:07:42,767628480.0,-1060702.9286171815,-1361720.2116283206,-4018988.5750980903,4373973.228576408,6,0,2376410.8268940863,-21746.429864443828
2024-04-29 02:08:12,767628510.0,-1255821.6990096208,-1601740.6047925318,-6350737.036899728,6668922.103053424,7,0,-273485.6480073959,612743.7458283325
2024-04-29 02:08:42,767628540.0,-1295652.8207214128,-1683883.9982786227,-6524279.717024674,6861516.405101842,7,0,-624648.8671883361,719296.2333148873
2024-04-29 02:09:12,767628570.0,-1119696.4354558554,-870997.946201914,-4536882.667748253,4753489.441533978,8,0,938955.9427811863,579606.3462771547
2024-04-29 02:09:42,767628600.0,-1075486.4875714332,-727419.5531832363,-4165556.501619862,4363218.005038202,8,0,1181700.3043751498,568512.7913630921
2024-04-29 02:10:12,767628630.0,-1035170.1610329731,-598761.6294947151,-3890933.4956441517,4070559.6935524507,8,0,1368267.4215488923,554301.9718190867
2024-04-29 02:10:42,767628660.0,-1004706.55488144,-479020.90415271366,-3758281.734240267,3919640.0194355915,8,0,1443432.1559121602,550293.4870521297
2024-04-29 02:11:12,767628690.0,-127171.1968626429,-1026190.1278693874,-2142094.985452756,2378615.0631302046,9,0,3399370.951427932,4935.783278733143
2024-04-29 02:11:42,767628720.0,-239580.74190227388,-1011758.4594465903,-3003857.941315506,3178713.0483509223,9,0,2454631.9288810603,188560.65272133867
2024-04-29 02:12:12,767628750.0,102139.3120802888,-1231539.4450940734,2912607.5056539606,3163922.3008611696,11,0,7387851.737933578,-616329.6959561752
2024-04-29 02:12:42,767628780.0,148161.62430979562,-1610510.6297748352,3255492.4867758052,3635096.6544219386,11,0,7582467.296198361,-630755.8670233681
2024-04-29 02:13:12,767628810.0,304746.0876724237,-1849927.2208223038,2292690.2815680015,2961676.8269828735,11,0,6508806.433841477,-458001.6684840477
2024-04-29 02:13:42,767628840.0,647084.2810202475,-339135.46535315464,609274.6324337593,951286.7645095688,10,0,5419224.42169559,-479746.5595445044
2024-04-29 02:14:12,767628870.0,730270.050743588,-408185.953890376,344254.4192483553,904666.3612285256,10,0,5140473.823590531,-438863.37994850136
2024-04-29 02:14:42,767628900.0,819252.9971962192,-369850.6880459912,-405844.9494619532,986242.935521901,10,0,4447527.941470732,-341667.497069147
2024-04-29 02:15:12,767628930.0,886840.6203492178,-234477.6334108657,-1581232.8121817575,1828049.0290994865,10,0,3428261.012607554,-205384.42449795292
2024-04-29 02:15:42,767628960.0,910320.0614118831,-134812.10419419137,-2559587.3131968644,2719989.7300402704,10,0,2620443.253769344,-103706.5520779951
2024-04-29 02:16:12,767628990.0,726511.084089369,-116342.64652576538,-1063098.911775869,1292877.8994647432,9,0,4154346.3724913783,-417251.18444589386
2024-04-29 02:16:42,767629020.0,743466.8662149808,-173863.3813446825,-1178914.8083689169,1404568.112240788,9,0,4064429.103544755,-410698.39235013025
2024-04-29 02:17:12,767629050.0,762836.2917441827,-236053.74059921846,-1341216.1128295462,1560929.6069222651,9,0,3929168.5421646386,-394878.9953789287
2024-04-29 02:17:42,767629080.0,701608.5679968128,-671857.9542237599,-2137219.6745227906,2347627.660108727,10,0,3191381.996692226,-323087.57545475895
2024-04-29 02:18:12,767629110.0,743288.649512399,-787330.3866621217,-3052249.109454042,3238609.5442980593,10,0,2367002.334297384,-190994.37567792175
2024-04-29 02:18:42,767629140.0,794211.3903395719,-912863.9340682476,-3812279.885638687,3999696.266107339,10,0,1670414.1658652239,-74069.93684449903
2024-04-29 02:19:12,767629170.0,864917.2749597694,-1040132.5686134775,-4418113.861617458,4620572.231556458,10,0,1101227.0135197819,24487.491985036206
2024-04-29 02:19:42,767629200.0,989120.6254424991,-1140164.9250502384,-4899611.957612908,5126844.351369951,10,0,633392.8721764758,106852.2340086243
2024-04-29 02:20:12,767629230.0,1286411.3707824773,-1076462.8162352245,-5286202.814618478,5545950.469206864,10,0,241253.46282453905,175835.6272546048
2024-04-29 02:20:42,767629260.0,1797929.0938047366,452472.35049654124,-5597145.736574789,5896212.398715867,10,0,-91840.40007408151,233314.2456835342
2024-04-29 02:21:12,767629290.0,425491.8846445029,1991202.4107534138,-5839321.197107757,6184141.203714588,10,0,-371721.755818397,279540.19649643044
2024-04-29 02:21:42,767629320.0,19613.7244259546,1496002.1133806692,-1693222.093751708,2259515.009951074,11,0,2960659.1673127767,-167918.23382861644
2024-04-29 02:22:12,767629350.0,-115926.84132042421,1732663.7167958724,-2256686.71636513,2847489.688103936,11,0,2444162.6801055917,-104510.79521916824
2024-04-29 02:22:42,767629380.0,-188401.79833137288,1929889.0222682816,-2567434.666667885,3217403.8670167215,11,0,2119999.5653285244,-64800.10684761721
2024-04-29 02:23:12,767629410.0,-235289.51606063612,2101634.9117437797,-2666484.6726813754,3403288.2581810546,11,0,1961634.167834168,-48425.76079823369
2024-04-29 02:23:42,767629440.0,-276473.3750968077,2248975.759384724,-2550077.7360766847,3411337.853902997,11,0,1974644.7866511343,-56550.137219988625
2024-04-29 02:24:12,767629470.0,-326463.85526399023,2370050.58025194,-2205474.329993669,3253895.4227214195,11,0,2168748.8244376546,-88463.72433185019
2024-04-29 02:24:42,767629500.0,-393576.122733649,2468860.0379637717,-1663239.3550986885,3002754.935686499,11,0,2514206.0185021874,-135773.3362220024
2024-04-29 02:25:12,767629530.0,-470847.02323833737,2563988.778277278,-1059955.8890919841,2814114.756232409,11,0,2891223.0979914246,-177856.81583099178
2024-04-29 02:25:42,767629560.0,-531385.5543947007,2687026.1963099753,-626608.8361735377,2809825.443091825,11,0,3106349.8497339413,-189266.79506891005
2024-04-29 02:26:12,767629590.0,-557791.624842264,2823082.280334071,-545397.8129225775,2928887.8149599927,11,0,3025558.0429258198,-163010.73754420585
2024-04-29 02:26:42,767629620.0,265270.0775451244,3736291.0052954694,-1167143.0418439982,3923322.7716334388,7,0,2958297.4720019433,-428184.22268214345
2024-04-29 02:27:12,767629650.0,-388046.4062048538,2691848.5822770055,-5886925.614248884,6484791.591946099,8,0,-651302.4603476147,333608.52981709695
2024-04-29 02:27:42,767629680.0,-862138.6623903767,2311682.6794421575,-7969706.848457361,8342864.444180386,7,0,-3195425.983634188,824513.6700417959
2024-04-29 02:28:12,767629710.0,-686100.2539230428,1731470.8547886552,-7910900.67765516,8127181.209444065,8,0,-3235144.1380423387,749464.2537397904
2024-04-29 02:28:42,767629740.0,-653391.3383204297,1611148.8408935328,-7204291.19890984,7411108.723206975,8,0,-2583707.953269779,604286.5617067531
2024-04-29 02:29:12,767629770.0,-554705.7876864609,1709300.7724508143,-6021200.090104743,6283650.067172038,8,0,-1387752.2461787811,365847.86122241284
2024-04-29 02:29:42,767629800.0,163673.91077774006,4399775.815424824,-2900123.006239038,5272146.605167899,6,0,410568.3266754776,-4859.160108121942
2024-04-29 02:30:12,767629830.0,160525.24528399206,4515376.285774729,-2788943.6918734885,5309670.260284645,6,0,315046.5722473975,3826.129194458191
2024-04-29 02:30:42,767629860.0,178540.12202206114,4389483.085686676,-1846247.3861189373,4765298.285044923,5,0,1094792.2786509232,-145182.9436469393
2024-04-29 02:31:12,767629890.0,195801.3260925147,4535665.942453194,-1658051.3869212335,4833191.295872825,5,0,1065443.763505016,-145502.03033200942
2024-04-29 02:31:42,767629920.0,209357.47018521588,4685304.806524847,-1521075.1855135127,4930474.764193824,5,0,973190.7733209752,-134718.7784183228
2024-04-29 02:32:12,767629950.0,223492.18138479698,4834866.672082251,-1381844.2966715728,5033426.084904356,5,0,873038.6180775403,-123123.24728327396
2024-04-29 02:32:42,767629980.0,238580.98482642582,4983875.29905967,-1235647.4764727084,5140307.244612061,5,0,769568.7576736477,-111612.06680909405
2024-04-29 02:33:12,767630010.0,-949147.4872012883,2288753.811864383,-2239510.4663169594,3339862.5858749743,6,0,-40961.78641971254,316708.32629425504
2024-04-29 02:33:42,767630040.0,-1016550.3963794836,957474.4042203138,919625.0239099311,1672077.1895213663,7,0,3278509.0780211147,-141622.979042541
2024-04-29 02:34:12,767630070.0,-974951.853654086,1012119.0199540352,1519688.3570330052,2069871.6699346192,7,0,3767543.160792519,-218254.10786056204
2024-04-29 02:34:42,767630100.0,-923463.0617751766,1116616.6624705035,2200044.64747714,2634352.52923043,7,0,4289211.408348624,-295821.4375989068
2024-04-29 02:35:12,767630130.0,-1674095.8318503338,256911.0381031894,-8737153.080351014,8899800.22726382,8,0,-4405848.853491843,912276.6422585968
2024-04-29 02:35:42,767630160.0,-1740031.290000811,-334866.86074165674,-11414086.035504159,11550809.70021132,8,0,-6598830.708661935,1195505.0173729805
2024-04-29 02:36:12,767630190.0,-1659864.9822867531,-1269728.174901416,-14765739.471824368,14912894.539537001,8,0,-9037029.718187097,1448194.3208603596
2024-04-29 02:36:42,767630220.0,-1298520.4570769814,-1915479.4205261157,-15643657.891076867,15813894.17572275,8,0,-9019865.436745116,1296205.5615150854
2024-04-29 02:37:12,767630250.0,-1445823.320416177,-1460904.8537402437,-15062075.031922996,15201669.392958762,7,0,-8359270.90266472,1191963.02812924
2024-04-29 02:37:42,767630280.0,-1675919.855116982,-1411835.8728991172,-14643477.550484084,14806533.107527617,8,0,-7778130.914137401,1133788.963217291
2024-04-29 02:38:12,767630310.0,-1753932.3543637616,-1017588.4598749845,-13685174.137200769,13834585.506724207,8,0,-6830425.386059767,990356.1702221853
2024-04-29 02:38:42,767630340.0,-1809253.803725402,-631295.7343727588,-12940055.255009664,13081168.282429338,8,0,-6095226.536074732,871189.885117494
2024-04-29 02:39:12,767630370.0,-800442.9787715877,-1110201.210648775,-10264507.644689089,10355354.79248642,9,0,-3258272.749405751,469976.93947409926
2024-04-29 02:39:42,767630400.0,-779936.118436343,-765488.5378476254,-9724317.584772686,9785531.438809898,9,0,-2743910.3771652724,388226.0786277849
2024-04-29 02:40:12,767630430.0,-750251.58959475,-300167.91419310134,-7997941.288640562,8038659.2837949,10,0,-1586687.6839044532,267116.92049452005
2024-04-29 02:40:42,767630460.0,-739021.8358679393,-28767.98575106602,-7888403.070678194,7922997.152364687,10,0,-1478754.510847084,251878.45531220568
2024-04-29 02:41:12,767630490.0,-785711.3702725408,237064.01845078127,-7340489.62644489,7386225.670947554,9,0,-773349.0363142977,40861.43579017508
2024-04-29 02:41:42,767630520.0,-846022.3776231742,527958.8410576124,-6637441.951015607,6711939.366114085,9,0,138741.2850605175,-238759.631231337
2024-04-29 02:42:12,767630550.0,-918540.0342965837,858352.5007442749,-5732700.244691748,5868929.792187698,9,0,1305985.8500710973,-594652.4950808575
2024-04-29 02:42:42,767630580.0,-974661.7497026722,1222837.7029965965,-5024304.703685644,5262027.682337025,9,0,2195871.737150288,-859928.2925820929
2024-04-29 02:43:12,767630610.0,-1002329.5615689921,1591817.400185048,-4678561.109472604,5042566.929709163,8,0,2564543.611334929,-956785.8568071098
2024-04-29 02:43:42,767630640.0,-1016002.8047280662,1945872.2837571162,-4214630.253668242,4752029.96823937,8,0,2921041.3187534325,-1013970.8570872832
2024-04-29 02:44:12,767630670.0,-1013876.5562760865,2292068.4019371276,-4913950.307360707,5516197.136953616,8,0,2085043.43151336,-793016.1449600369
2024-04-29 02:44:42,767630700.0,-1022338.2296241199,2647342.4304304267,-5817036.326630623,6472365.0256338725,8,0,1062218.1852716892,-549240.8097614476
2024-04-29 02:45:12,767630730.0,-1044841.258837763,3016119.6655023107,-6553097.302005257,7289153.266487682,8,0,217201.27348493226,-364022.4955102534
2024-04-29 02:45:42,767630760.0,-1078644.8272659567,3399767.5614907774,-7133974.31550718,7975931.523644664,8,0,-468939.1687965974,-229579.56059445193
2024-04-29 02:46:12,767630790.0,-1121502.7929036987,3801050.758559398,-7607875.636695164,8578200.690532696,8,0,-1046951.664679005,-132997.88544010135
2024-04-29 02:46:42,767630820.0,-900513.5660128335,4207102.354461393,-6351901.303969873,7671850.173123946,7,0,185575.4641504609,-388377.5085698923
2024-04-29 02:47:12,767630850.0,-928174.1036355125,4632605.792536682,-6723405.235928643,8217464.424152787,7,0,-360994.996821705,-284399.74071405496
2024-04-29 02:47:42,767630880.0,-864989.7607795723,4398420.489391085,-5643410.273738557,7207106.881785971,8,0,-7656.812686762447,-203483.46217529173
2024-04-29 02:48:12,767630910.0,-43825.01181560878,4810373.292660132,-2187643.718685495,5284637.819785063,7,0,3779275.0792717612,-898226.8963028244
2024-04-29 02:48:42,767630940.0,322412.12371472194,5041247.662745888,-1454026.805289482,5256645.463140867,7,0,4240909.443217736,-858127.6311214257
2024-04-29 02:49:12,767630970.0,443832.7348942377,5197020.286024848,-1694127.1790510623,5484165.7750944225,7,0,3589157.7040895894,-633011.5690085053
2024-04-29 02:49:42,767631000.0,2545517.494987393,687344.5705060139,1819788.138190749,3203705.7829630272,7,0,6314194.815606743,3793.760765902174
2024-04-29 02:50:12,767631030.0,2301933.995261755,349569.9405752621,427961.65303918335,2367329.811912055,7,0,4692896.104632443,294043.18632151285
2024-04-29 02:50:42,767631060.0,1972966.2482064688,41070.32949208857,-851234.7221663529,2149158.705342192,7,0,3312627.418358788,467807.69792177004
2024-04-29 02:51:12,767631090.0,1842631.744301729,-1470937.121182893,-101092.82916582849,2359908.3710371046,8,0,4041246.0043232245,467720.7148594297
2024-04-29 02:51:42,767631120.0,1621793.7300923816,-1610454.229415069,-459860.582903324,2331362.151986694,8,0,3833334.8308221507,400524.12669988774
2024-04-29 02:52:12,767631150.0,1740071.7568717953,-1489059.8541089592,4234351.846390108,4814029.9674191065,7,0,9316686.251123093,-782725.4618951807
2024-04-29 02:52:42,767631180.0,1938461.9979947063,-1593329.4413689796,5834395.408855039,6351102.535250992,7,0,11046801.947785817,-1019467.6460949779
2024-04-29 02:53:12,767631210.0,2020401.0776370734,-1796660.7835838425,6274930.562337538,6832624.974923097,7,0,11485608.685330387,-1009541.5585113097
2024-04-29 02:53:42,767631240.0,2058333.0579820496,-2026601.142177956,6297688.763168429,6928544.646951236,7,0,11479479.384894095,-921531.2378874407
2024-04-29 02:54:12,767631270.0,208253.97861944936,-1254370.5792951297,-101650.1862984144,1275597.12691215,8,0,4999799.957233778,-299744.4709007523
2024-04-29 02:54:42,767631300.0,165520.6270092473,-1224236.8265130664,-767522.2965099474,1454387.6240522063,8,0,4333582.143621131,-179210.82790027536
2024-04-29 02:55:12,767631330.0,659097.1122495342,-1082925.1598962846,-1025888.6568579085,1630822.9338532714,9,0,4299526.209423043,-118808.29062832263
2024-04-29 02:55:42,767631360.0,701173.3993023798,-1044447.9985717933,-1530775.2490428481,1981360.295527311,9,0,3838192.7955961106,-40344.44695954153
2024-04-29 02:56:12,767631390.0,735088.8600912367,-996740.9123672129,-1845403.3113177707,2222467.426091877,9,0,3581075.203001108,-1439.8493617543718
2024-04-29 02:56:42,767631420.0,819454.3287789283,-1087308.6815117914,-895213.9250029577,1629464.1871991649,8,0,5067226.43361436,-502037.90183622757
2024-04-29 02:57:12,767631450.0,807440.3953143888,-1043690.818853184,-646616.0852707991,1469477.0767435671,8,0,5495652.099876384,-643584.9184469603
2024-04-29 02:57:42,767631480.0,791387.2764808247,-939284.9370226382,-900860.1290543614,1523187.1147082355,8,0,5234769.955194582,-573937.3632270354
2024-04-29 02:58:12,767631510.0,784220.6063148191,-803693.451943008,-1492708.5584921334,1867914.3354716545,8,0,4493988.640327706,-350347.2408598683
2024-04-29 02:58:42,767631540.0,1049811.7986867253,-333821.7133307116,-2150247.5131774745,2416010.371848354,9,0,4004185.1589822243,-398179.3682167914
2024-04-29 02:59:12,767631570.0,1115949.4637145617,-83956.86413323952,-3462325.9416280496,3638693.8434925335,9,0,2296609.16184502,97390.94678060221
2024-04-29 02:59:42,767631600.0,1189456.8647006284,109122.53721917741,-4875749.616854224,5019925.267109732,9,0,451504.467427284,641257.6229133005
2024-04-29 03:00:12,767631630.0,1264104.1303037028,221535.81762006407,-6241210.088677328,6371792.584645795,9,0,-1292796.1566287382,1151971.3430489893
2024-04-29 03:00:42,767631660.0,1325309.6117192702,253797.5471140087,-7276340.891635362,7400405.092501455,9,0,-2536197.6564830835,1500841.5368191185
2024-04-29 03:01:12,767631690.0,1364232.5381033772,244231.98937447288,-7832338.862399836,7954012.304372715,9,0,-3089126.682223744,1629040.6197130058
2024-04-29 03:01:42,767631720.0,1369405.3020500855,287200.454338788,-7909694.375499617,8032497.7495213505,10,0,-2978821.9148003664,1536483.4031822137
2024-04-29 03:02:12,767631750.0,1392846.6271386172,225179.42341903065,-7763552.9629668845,7890721.266668508,10,0,-2609472.287863157,1404495.268179479
2024-04-29 03:02:42,767631780.0,1425191.3444833092,202009.84394522596,-7822410.772883296,7953746.830592584,10,0,-2444022.4612770528,1307501.4782781452
2024-04-29 03:03:12,767631810.0,1455579.4894214354,223122.71664026522,-7849526.967322394,7986461.60745964,10,0,-2219108.793724998,1181180.314184863
2024-04-29 03:03:42,767631840.0,1484271.5743257857,291845.11845773144,-7832834.3060767865,7977564.098518581,10,0,-1941497.04018345,1033161.9441329474
2024-04-29 03:04:12,767631870.0,1512874.5145576717,405870.7934513323,-7775212.47945835,7931421.656834277,10,0,-1632186.93116335,874530.3974137271
2024-04-29 03:04:42,767631900.0,1541768.715584433,560573.1039492474,-7654084.557576743,7827918.202929878,10,0,-1286430.496295696,710644.8336761594
2024-04-29 03:05:12,767631930.0,1571264.67812442,747228.7829627283,-7432984.11106558,7633903.086767788,10,0,-889109.2879619679,546030.2179019931
2024-04-29 03:05:42,767631960.0,1602111.2224525625,949035.5916968547,-7072691.314269878,7313712.5559024,10,0,-426075.0053509746,387014.3546449953
2024-04-29 03:06:12,767631990.0,1678795.2901842862,1139929.4272246703,-6855284.082293775,7149315.531877728,9,0,-156664.04017530405,283378.06766398426
2024-04-29 03:06:42,767632020.0,1843928.5458908528,1316427.087606121,-6118599.937239252,6524593.316929298,8,0,568427.7568290681,92707.16794120161
2024-04-29 03:07:12,767632050.0,1266552.6678139288,445394.04491964495,-2313162.845927606,2674556.760918781,9,0,3379134.4081806038,-69587.24537355526
2024-04-29 03:07:42,767632080.0,1404268.798726631,-310271.23596143903,-1803090.7020343153,2306377.067763373,9,0,3712246.2043848755,-104150.48275183944
2024-04-29 03:08:12,767632110.0,-2920.0244480826614,-1230216.7004790097,-4862154.586911999,5015375.248544184,9,0,973066.0569796888,482425.295718811
2024-04-29 03:08:42,767632140.0,-380928.8031754424,-1211057.2145069933,-5190498.690447265,5343504.747394999,9,0,623777.8302280791,540823.1677259533
2024-04-29 03:09:12,767632170.0,-481703.9783936063,-1252248.0663100982,-4557551.107556004,4750940.542709682,9,0,1221413.9841771629,395368.0378125929
2024-04-29 03:09:42,767632200.0,-526297.1312357225,-1321544.5414926356,-3999254.406100174,4244703.105071966,9,0,1728426.591624028,275935.12780485675
2024-04-29 03:10:12,767632230.0,-541947.4258980653,-1399908.1190088247,-3693915.4751837333,3987287.4604054107,9,0,1985524.9836752592,208521.24614268262
2024-04-29 03:10:42,767632260.0,-600642.7597756516,-1375577.3597788427,-3071373.946366299,3418526.395396814,10,0,2482538.7213206706,133489.73573966004
2024-04-29 03:11:12,767632290.0,-432196.60363350104,-1438612.2340278311,-3356665.276247281,3677444.87937632,11,0,2169334.3401105423,148126.154777911
2024-04-29 03:11:42,767632320.0,-209540.72393909222,-1596491.2930760214,-958581.2513633649,1873918.2957967562,10,0,4353358.501885448,-290532.3753671928
2024-04-29 03:12:12,767632350.0,-201158.3404806808,-1664961.457885565,-941727.9731297569,1923385.7932210185,10,0,4207808.33226371,-225838.0231432471
2024-04-29 03:12:42,767632380.0,-170867.7804633443,-1646195.6442641183,-1759290.7399216376,2415421.247974905,9,0,2897159.9003847083,211457.30330743408
2024-04-29 03:13:12,767632410.0,-159345.4459909323,-1599515.5019776418,-2407497.4164451766,2894803.0368947447,9,0,1926772.2061991016,505949.49341146706
2024-04-29 03:13:42,767632440.0,-152019.05764956228,-1498952.6047045267,-3205619.960643607,3542028.802411955,9,0,804287.7950081635,826520.3401051632
2024-04-29 03:14:12,767632470.0,-156590.11989877129,-1398579.0783811794,-3778350.5761273685,4031932.164639862,9,0,38174.38710249221,1016316.0540791783
2024-04-29 03:14:42,767632500.0,-172087.99027620335,-1361250.2598515546,-3855844.162336987,4092694.8030083366,9,0,-53907.929691401194,995686.6498339247
2024-04-29 03:15:12,767632530.0,-190837.74280381395,-1386262.5104819569,-3581734.4005201133,3845382.1796949347,9,0,297401.66938818037,850360.3126321128
2024-04-29 03:15:42,767632560.0,-155576.2484758211,-828933.8429202216,-2408928.621919962,2552307.26804856,10,0,1211141.55232182,748869.0874303621
2024-04-29 03:16:12,767632590.0,-161226.62131481222,-797671.4399794635,-1729880.5365414855,1911742.770428218,10,0,1965873.1170569076,545235.8764391665
2024-04-29 03:16:42,767632620.0,-166787.85199829706,-788565.5813675309,-1193499.8043381807,1440172.089247321,10,0,2556976.146185067,386273.23675451486
2024-04-29 03:17:12,767632650.0,-169378.2667456406,-795318.5576302339,-728482.2030791186,1091744.8994887953,10,0,3053039.37824159,258511.71357404295
2024-04-29 03:17:42,767632680.0,-175613.1401412031,-782452.1368729048,-518630.60533660353,955012.5791208411,10,0,3268059.9232848855,196036.04769784055
2024-04-29 03:18:12,767632710.0,-214287.4078348844,-679240.4560159292,-1166438.1693842618,1366698.4646372546,9,0,2631903.346710709,287135.84476094734
2024-04-29 03:18:42,767632740.0,-237899.3043771392,-682543.8980800979,-943731.4789738264,1188735.1918049823,9,0,2884659.833938293,209056.9438371032
2024-04-29 03:19:12,767632770.0,-232843.59852181203,-679978.5284162275,-847420.4870651826,1111174.3438261508,8,0,2988347.206978388,168578.22738902475
2024-04-29 03:19:42,767632800.0,-239444.08428874295,-683232.357219677,-701924.9289027862,1008384.11791738,8,0,3140223.3801221238,121062.02161988393
2024-04-29 03:20:12,767632830.0,-298540.23298201634,-686709.8668283946,-54117.02246186696,750749.8678178813,7,0,3853337.6948393728,-55128.5119550557
2024-04-29 03:20:42,767632860.0,-318816.96025733114,-678567.786039277,178423.9270690507,770670.8714806293,7,0,4064519.128660895,-96818.09800213896
2024-04-29 03:21:12,767632890.0,-331375.90702246514,-663072.2619991978,319383.75093795883,807143.6035495136,7,0,4168230.9444284784,-110282.42802396009
2024-04-29 03:21:42,767632920.0,-396354.75649627746,-673955.1797968688,846495.3359034905,1152331.1290938105,8,0,4704324.354498651,-222248.95161198892
2024-04-29 03:22:12,767632950.0,-368477.6058355931,-842101.4404057482,393775.52169298386,999984.8715957399,8,0,4250485.394108445,-168978.4814960596
2024-04-29 03:22:42,767632980.0,-248076.6723730745,-1002145.0209184287,-651938.4039578486,1221007.928263532,8,0,3161506.4987192745,7652.180525442268
2024-04-29 03:23:12,767633010.0,-181185.04169656654,-1028173.8728219033,-1052007.7532686996,1482123.4243562967,8,0,2715825.595936334,82990.93288071269
2024-04-29 03:23:42,767633040.0,-80050.5397904234,-989741.3662496287,-1216659.6496063117,1570432.0309922912,9,0,2498059.4568738164,126060.07198742367
2024-04-29 03:24:12,767633070.0,-36490.61544741926,-953344.5723980579,-1068316.1468729428,1432304.72609917,9,0,2609302.7684970135,107586.45726977257
2024-04-29 03:24:42,767633100.0,-48084.84095769328,-971733.3157401041,-1041881.0483398223,1425515.31304959,8,0,2579770.4223138336,120854.39801701969
2024-04-29 03:25:12,767633130.0,-38737.51367374998,-967413.1448618722,-967212.8472604799,1368535.5237343626,8,0,2604113.8931785705,122604.34698169523
2024-04-29 03:25:42,767633160.0,-36398.49147795665,-896926.7243564214,-767089.7646728137,1180774.7905982765,9,0,2749718.9103467315,112543.56709915411
2024-04-29 03:26:12,767633190.0,11554.886001035848,-841656.5616472658,-489837.8729502623,973889.3288925759,9,0,2993482.4898169916,72985.70120065834
2024-04-29 03:26:42,767633220.0,87323.03164381775,-789762.515136988,-117382.98746517242,803199.170764772,9,0,3346313.383980781,7798.20837584883
2024-04-29 03:27:12,767633250.0,328134.999892098,-636608.4199955728,837601.3752165794,1102052.1413835878,10,0,4313258.010337897,-167006.03328537632
2024-04-29 03:27:42,767633280.0,383714.3462520657,-669288.8738966828,1160130.0930956935,1393228.6708030964,10,0,4608327.944944198,-224839.47422361284
2024-04-29 03:28:12,767633310.0,403931.34589100606,-715489.1567838797,1334268.5551080226,1566958.1496704617,10,0,4732707.436579528,-243759.94132055008
2024-04-29 03:28:42,767633340.0,385192.2439643375,-751965.1030174843,1320597.377396361,1567737.8652544324,10,0,4653290.779770003,-218246.65341039826
2024-04-29 03:29:12,767633370.0,346544.46163398126,-765493.2733765735,1189340.6718803954,1456229.4631214128,10,0,4454999.097361736,-168810.0472552977
2024-04-29 03:29:42,767633400.0,315608.0520333737,-759742.2339055032,1111792.6572239483,1383076.1429310795,10,0,4329920.598795361,-139151.41868040912
2024-04-29 03:30:12,767633430.0,253377.7167893414,-767173.6607572918,2300735.054988404,2438470.3168949215,8,0,4918226.33714111,-176291.10300293815
2024-04-29 03:30:42,767633460.0,214719.36601596067,-701128.022856654,1899822.6777553323,2036421.1542533676,8,0,4522833.856514597,-99069.13997088467
2024-04-29 03:31:12,767633490.0,210166.39174375578,-608099.0197075895,1054683.1462971263,1235439.5448872142,8,0,3816488.1737873596,12091.178561536119
2024-04-29 03:31:42,767633520.0,244150.0288862672,-542300.1769795658,597983.5264091535,843375.9638583258,8,0,3468712.279251862,52352.616816454036
2024-04-29 03:32:12,767633550.0,484193.6598620364,-627999.8848766148,272846.54392270464,838613.4939208879,9,0,3468653.396209068,-23208.5752318796
2024-04-29 03:32:42,767633580.0,496900.9520194532,-611446.1893401765,-155370.4926005344,803067.2378745098,9,0,3072436.7798182485,29924.82320603932
2024-04-29 03:33:12,767633610.0,656434.9868618643,438030.9378739206,1224763.8714218729,1456991.604386016,10,0,4453389.805113719,-59168.5914573248
2024-04-29 03:33:42,767633640.0,507577.0689729259,788451.5272533451,3456471.91744425,3581408.7183475746,9,0,6642078.827582881,-481449.99037940317
2024-04-29 03:34:12,767633670.0,551911.2392252579,853730.2704923805,3704847.920981156,3841791.1848949506,9,0,6922539.64942105,-529356.0426635677
2024-04-29 03:34:42,767633700.0,712719.7481012052,1064652.8354801757,4582568.765734279,4758297.131549565,10,0,7787920.051016761,-649112.9777828833
2024-04-29 03:35:12,767633730.0,755863.3787398909,1106531.2740618016,4758518.403904215,4943605.800232461,10,0,8015446.291935063,-682817.6248418008
2024-04-29 03:35:42,767633760.0,800088.4652818195,1130635.339861732,4804335.430131875,5000011.674910539,10,0,8117886.081798616,-688958.6743793483
2024-04-29 03:36:12,767633790.0,838082.1075609343,1130021.9430470595,4476111.637424943,4692004.539796678,10,0,7862661.769762979,-629863.6732184092
2024-04-29 03:36:42,767633820.0,855945.3936304062,1110825.3841990202,3360273.4443915514,3641155.4721188536,10,0,6860530.333844658,-450234.4882833743
2024-04-29 03:37:12,767633850.0,847783.448971912,1120706.859849975,1383149.546757601,1971756.4024902415,10,0,5053551.582822148,-160821.34238394
2024-04-29 03:37:42,767633880.0,844777.3748264431,1210555.361046893,-368966.8323568497,1521587.8609391826,10,0,3479017.250881957,63935.873547281306
2024-04-29 03:38:12,767633910.0,1279438.1850372904,1834383.642390973,2780380.0054133995,3568254.2498126035,9,0,6530630.760566302,-432697.4693307715
2024-04-29 03:38:42,767633940.0,1328569.7913971534,1870200.9034941185,2462588.9186597257,3365574.734328294,9,0,6291969.749705169,-378927.2399074525
2024-04-29 03:39:12,767633970.0,1361535.3107192884,1888393.8106572998,2082061.4998092013,3123265.866917514,9,0,5993947.5089356005,-316824.8451649965
2024-04-29 03:39:42,767634000.0,1380439.6952442047,1893618.8388222693,1702696.948811281,2896650.2996460856,9,0,5697972.27123314,-257180.80998968804
2024-04-29 03:40:12,767634030.0,1326852.6642648557,1986088.5348688788,2753663.552007019,3645236.4283618513,8,0,6944708.753529601,-514526.8408270295
2024-04-29 03:40:42,767634060.0,1378757.6820678075,1992043.326575343,2616569.2132893163,3565900.140041477,8,0,6886731.657982404,-487928.4619957264
2024-04-29 03:41:12,767634090.0,1406347.4972850338,1933781.2567912862,1815994.4814557172,3002525.468487284,8,0,6127171.11203758,-332827.1067654382
2024-04-29 03:41:42,767634120.0,1389427.566555423,1863246.378721336,846561.5145331791,2473633.446655144,8,0,5194217.769006077,-156751.35443513648
2024-04-29 03:42:12,767634150.0,1335160.7473858783,1811790.6421704288,2000.3091680969148,2250609.596010183,8,0,4405019.222228897,-19997.56230912022
2024-04-29 03:42:42,767634180.0,879090.8804198611,6724.728440412493,-3177753.9062490566,3297114.7821528907,9,0,1595706.4239835022,112175.61528292752
2024-04-29 03:43:12,767634210.0,729385.9472691639,-21122.581625458493,-3783768.604751725,3853486.0682028006,9,0,1029291.422944299,178747.61927296023
2024-04-29 03:43:42,767634240.0,563304.0845201613,136043.71383754525,-3084852.627494214,3138811.099296956,8,0,1962392.7439896362,-70427.10484438034
2024-04-29 03:44:12,767634270.0,625834.7147630568,-163256.1428838726,-4203265.680758957,4252736.065339341,8,0,633403.5106305543,234994.47688792352
2024-04-29 03:44:42,767634300.0,703383.8900587971,-365933.3747823792,-5123680.757139441,5184665.913311565,8,0,-490473.5708433262,508410.3949939966
2024-04-29 03:45:12,767634330.0,771802.3627171976,-471136.43802277785,-5724667.04503631,5795641.569908667,8,0,-1228783.1717815814,695034.3275643021
2024-04-29 03:45:42,767634360.0,828955.4831371895,-515834.3216522954,-6129105.705351596,6206382.92307131,8,0,-1708781.3504852299,816586.0091866461
2024-04-29 03:46:12,767634390.0,874473.3175835676,-524146.50948074093,-6412980.378552286,6493516.0338804955,8,0,-2011877.6613904443,887969.1433502451
2024-04-29 03:46:42,767634420.0,904293.9441053793,-514248.48309653497,-6585174.822749056,6666837.817577447,8,0,-2145662.6643740963,908627.3285652351
2024-04-29 03:47:12,767634450.0,911001.8255568687,-508229.63561828533,-6612814.993503639,6694590.639239652,8,0,-2077972.359889474,870593.6866995962
2024-04-29 03:47:42,767634480.0,889615.7619837017,-532925.562916723,-6461314.68460227,6544005.907167022,8,0,-1788896.3047974084,772310.4350289018
2024-04-29 03:48:12,767634510.0,392112.3063211096,-1037770.5292170434,-6344785.727327082,6441042.280390133,9,0,-1574135.9473427166,564058.9759318824
2024-04-29 03:48:42,767634540.0,320950.3250881883,-1205474.6249185388,-5891158.5441102665,6021787.7058511535,9,0,-1036407.9758853582,411348.41247807443
2024-04-29 03:49:12,767634570.0,350786.4961895941,-1138925.4047873158,-5415347.380071301,5544924.660482235,11,0,-533891.1236500809,323909.9610882543
2024-04-29 03:49:42,767634600.0,733494.7143501648,-890005.3842221419,-5372923.39204673,5495309.805345552,10,0,-285914.2717207788,317185.0288536967
2024-04-29 03:50:12,767634630.0,736039.9865721806,-889009.9103330476,-4941023.545099597,5074032.632505643,10,0,141058.98952392492,251880.0819975193
2024-04-29 03:50:42,767634660.0,806740.5419529044,-659280.7628255831,-6481532.850731312,6564735.297129011,10,0,-1223984.1394347514,508615.73523320747
2024-04-29 03:51:12,767634690.0,1098958.163702916,-764468.4736153431,-3684221.9446495934,3919899.5433759126,10,0,1209940.0963943126,160936.26474649442
2024-04-29 03:51:42,767634720.0,1300185.122925687,-1296534.495693191,-6661715.333665118,6910132.722255675,9,0,-2171265.9392917464,966920.5330883955
2024-04-29 03:52:12,767634750.0,1476150.381418089,-1269977.1518895195,-6637490.015200502,6917234.679896913,9,0,-2220105.7727914024,1025125.8830463795
2024-04-29 03:52:42,767634780.0,1618986.5549608073,-1239462.0502874407,-6075471.706652828,6408489.689278249,9,0,-1741857.3735261187,961228.6015112558
2024-04-29 03:53:12,767634810.0,1717130.0677084348,-1206510.0059376555,-5186385.499182486,5594890.223229266,9,0,-942413.2056027194,812260.5718849807
2024-04-29 03:53:42,767634840.0,1779499.9391677615,-1154159.5423555672,-3985000.7753464547,4514303.430455281,9,0,149538.39739596844,587868.1685865168
2024-04-29 03:54:12,767634870.0,1602915.3081103351,-1145291.6311599384,-525979.3327725226,2039040.1329751387,10,0,3359857.7999339807,-109513.80609787245
2024-04-29 03:54:42,767634900.0,2242473.5572040495,-242170.6945647357,-1282089.7053890005,2594434.102599217,11,0,3165344.476669449,-127830.67300264131
2024-04-29 03:55:12,767634930.0,499902.1394713,2249728.046227991,-526991.2506312127,2364085.0681129578,11,0,3753206.1792440014,-231043.49146574183
2024-04-29 03:55:42,767634960.0,-616183.1049463497,2250469.016303102,449425.5818705213,2376189.3371112566,11,0,4516393.28458737,-357538.85317181074
2024-04-29 03:56:12,767634990.0,-826992.1948307944,2205524.5494639445,1104268.0015894794,2601473.1303501124,11,0,4977731.882763412,-420651.1098267243
2024-04-29 03:56:42,767635020.0,-902405.464591571,2230171.895397365,859403.3330173753,2554716.49979922,11,0,4653477.094339235,-346965.92284170806
2024-04-29 03:57:12,767635050.0,-973219.5845115344,2285185.267057335,159949.3283886801,2488937.8963937,11,0,3949136.485058548,-218576.22210862976
2024-04-29 03:57:42,767635080.0,-982248.685985027,2262545.9077672223,1314439.125994141,2794937.688360468,10,0,4890527.44717258,-376036.296401437
2024-04-29 03:58:12,767635110.0,-1026232.6603780811,2324993.611346572,992434.9254809628,2728310.071700696,10,0,4512457.10445558,-302618.1520165393
2024-04-29 03:58:42,767635140.0,-1085043.4359216199,2411017.2660929696,331115.86521322856,2664575.244092558,10,0,3836973.8481769427,-187476.09596853986
2024-04-29 03:59:12,767635170.0,-1134563.2968637177,2492338.7146427697,-224179.87340587127,2747588.535195493,10,0,3255193.070385829,-95486.4545324557
2024-04-29 03:59:42,767635200.0,-785744.4107493365,2119366.2896736236,2884500.5173015515,3664621.5334112854,9,0,5954354.9175067805,-522576.3747766506
