time,gps_sod,dE_m,dN_m,dU_m,d3_m,clock_m,trop_m,n_sat,ph_res_std_m,n_B_sv
2024-05-02T00:00:00,767880000.000000,1.1002,0.1461,-1.2164,1.6466,0.5335,-0.7031,9,0.0671,9
2024-05-02T00:00:30,767880030.000000,1.0791,0.3624,-1.0456,1.5456,0.8793,-0.8270,8,0.0900,9
2024-05-02T00:01:00,767880060.000000,1.0709,0.4314,-1.1959,1.6622,0.8292,-0.8798,7,0.0681,9
2024-05-02T00:01:30,767880090.000000,0.9020,0.5122,-1.0809,1.4981,0.9887,-0.9540,8,0.0468,9
2024-05-02T00:02:00,767880120.000000,0.7843,0.0989,-0.4011,0.8864,-0.2417,0.2028,8,0.2649,9
2024-05-02T00:02:30,767880150.000000,0.7184,-0.2088,-0.2211,0.7801,-0.5768,0.4868,8,0.4893,10
2024-05-02T00:03:00,767880180.000000,0.6686,-0.2177,0.0521,0.7050,-0.4069,0.5184,8,0.8235,10
2024-05-02T00:03:30,767880210.000000,0.6384,-0.1719,0.0980,0.6684,-0.3633,0.5027,7,0.2396,10
2024-05-02T00:04:00,767880240.000000,0.5125,0.2264,0.5567,0.7898,0.1521,0.4143,7,0.2290,10
2024-05-02T00:04:30,767880270.000000,0.1564,-0.4175,-0.3501,0.5669,-1.4731,0.9156,7,0.3206,10
2024-05-02T00:05:00,767880300.000000,0.1565,-0.5259,-0.5426,0.7716,-1.6617,0.9129,6,0.2846,10
2024-05-02T00:05:30,767880330.000000,0.1670,-0.6262,-0.7435,0.9863,-1.8508,0.9115,6,0.3212,9
2024-05-02T00:06:00,767880360.000000,-0.2580,-2.1217,-2.0688,2.9746,-2.5014,0.5383,6,0.5870,9
2024-05-02T00:06:30,767880390.000000,-0.2597,-2.0905,-2.3869,3.1835,-2.6993,0.5296,6,0.3972,9
2024-05-02T00:07:00,767880420.000000,-0.2531,-1.9415,-2.3877,3.0878,-2.6582,0.5308,7,0.2576,9
2024-05-02T00:07:30,767880450.000000,-0.2341,-1.7169,-2.2379,2.8303,-2.5007,0.5365,8,0.0655,9
2024-05-02T00:08:00,767880480.000000,-0.1710,-1.6574,-2.1254,2.7006,-2.3354,0.5284,8,0.1235,10
2024-05-02T00:08:30,767880510.000000,-0.1878,-1.4692,-2.1198,2.5860,-2.3062,0.5277,8,0.2360,11
2024-05-02T00:09:00,767880540.000000,-0.2200,-1.3184,-2.1058,2.4941,-2.2737,0.5289,9,0.2570,11
2024-05-02T00:09:30,767880570.000000,-0.2060,-1.1251,-2.0632,2.3591,-2.2339,0.5294,9,0.0721,10
2024-05-02T00:10:00,767880600.000000,-0.2057,-0.9643,-1.9544,2.1890,-2.1471,0.5323,9,0.0916,9
2024-05-02T00:10:30,767880630.000000,-0.1892,-0.8938,-1.9335,2.1385,-2.1161,0.5331,9,0.1884,9
2024-05-02T00:11:00,767880660.000000,-0.2150,-0.7987,-1.9305,2.1002,-2.1193,0.5328,10,0.2223,9
2024-05-02T00:11:30,767880690.000000,-0.2026,-0.7040,-1.9289,2.0633,-2.1138,0.5303,10,0.2337,9
2024-05-02T00:12:00,767880720.000000,-0.1668,-0.6300,-1.8098,1.9236,-2.0118,0.5324,10,0.1860,10
2024-05-02T00:12:30,767880750.000000,-0.1378,-0.5503,-1.7389,1.8291,-1.9586,0.5289,9,0.0751,10
2024-05-02T00:13:00,767880780.000000,-0.1602,-0.4659,-1.6938,1.7640,-1.9233,0.5267,9,0.1850,10
2024-05-02T00:13:30,767880810.000000,-0.1544,-0.4412,-1.6337,1.6992,-1.8594,0.5240,9,0.1289,10
2024-05-02T00:14:00,767880840.000000,-0.1820,-0.3660,-1.6596,1.7092,-1.8743,0.5205,9,0.0488,10
2024-05-02T00:14:30,767880870.000000,-0.2199,-0.2614,-1.7092,1.7430,-1.8940,0.5151,9,0.1148,10
2024-05-02T00:15:00,767880900.000000,-0.2610,-0.1087,-1.7963,1.8184,-1.9267,0.5111,9,0.2041,10
2024-05-02T00:15:30,767880930.000000,-0.0511,0.2350,-1.7432,1.7597,-1.9042,0.5064,9,0.3020,10
2024-05-02T00:16:00,767880960.000000,0.0404,0.1567,-1.8249,1.8320,-1.9307,0.5009,9,0.2798,10
2024-05-02T00:16:30,767880990.000000,0.0419,0.1021,-1.7223,1.7258,-1.8468,0.4998,9,0.2301,10
2024-05-02T00:17:00,767881020.000000,0.0611,0.0394,-1.6879,1.6895,-1.8224,0.4974,9,0.1100,10
2024-05-02T00:17:30,767881050.000000,0.0851,-0.0111,-1.6004,1.6027,-1.7564,0.4936,9,0.2796,9
2024-05-02T00:18:00,767881080.000000,0.0820,-0.0744,-1.6828,1.6865,-1.7955,0.4896,9,0.1013,9
2024-05-02T00:18:30,767881110.000000,0.1063,-0.1365,-1.6815,1.6904,-1.7892,0.4835,10,0.3165,9
2024-05-02T00:19:00,767881140.000000,0.1390,-0.1726,-1.5843,1.5998,-1.7402,0.4785,10,0.3014,9
2024-05-02T00:19:30,767881170.000000,0.0924,-0.2810,-1.7518,1.7766,-1.8174,0.4824,10,0.2795,10
2024-05-02T00:20:00,767881200.000000,0.1047,-0.3106,-1.6583,1.6904,-1.7652,0.4806,10,0.1889,10
2024-05-02T00:20:30,767881230.000000,0.1251,-0.3683,-1.6460,1.6913,-1.7625,0.4743,10,0.0919,10
2024-05-02T00:21:00,767881260.000000,0.1543,-0.4659,-1.6595,1.7306,-1.7814,0.4730,10,0.4074,10
2024-05-02T00:21:30,767881290.000000,0.1674,-0.5665,-1.6821,1.7828,-1.8123,0.4685,10,0.1738,10
2024-05-02T00:22:00,767881320.000000,0.1341,-0.6037,-1.6045,1.7195,-1.7565,0.4706,10,0.2555,10
2024-05-02T00:22:30,767881350.000000,0.0964,-0.7335,-1.7332,1.8845,-1.8347,0.4716,10,0.5652,10
2024-05-02T00:23:00,767881380.000000,0.1517,-0.8350,-1.6687,1.8721,-1.8161,0.4673,10,0.6705,10
2024-05-02T00:23:30,767881410.000000,0.1851,-0.1527,-2.4356,2.4474,-2.4643,0.5316,10,0.7583,10
2024-05-02T00:24:00,767881440.000000,0.1557,-0.2934,-2.3518,2.3751,-2.4108,0.5279,9,0.2752,10
2024-05-02T00:24:30,767881470.000000,0.1626,-0.4255,-2.2657,2.3110,-2.3579,0.5261,8,0.2977,10
2024-05-02T00:25:00,767881500.000000,0.1658,-0.5177,-2.1571,2.2246,-2.2807,0.5308,8,0.6024,10
2024-05-02T00:25:30,767881530.000000,0.1682,-0.6103,-2.0035,2.1012,-2.1834,0.5315,10,0.3668,10
2024-05-02T00:26:00,767881560.000000,0.1653,-0.6761,-1.8563,1.9825,-2.0858,0.5325,10,0.3669,10
2024-05-02T00:26:30,767881590.000000,0.1036,-0.9410,-1.8281,2.0587,-2.1138,0.5296,9,0.1757,12
2024-05-02T00:27:00,767881620.000000,0.0756,-1.2870,-1.8891,2.2871,-2.2480,0.5271,8,0.2000,12
2024-05-02T00:27:30,767881650.000000,0.1094,-1.8565,-2.0510,2.7686,-2.4092,0.4401,8,0.6007,12
2024-05-02T00:28:00,767881680.000000,0.1187,-2.1334,-2.0130,2.9356,-2.4872,0.4331,8,0.5346,12
2024-05-02T00:28:30,767881710.000000,0.1758,-1.9654,-1.4470,2.4469,-2.0108,0.4083,9,0.5917,12
2024-05-02T00:29:00,767881740.000000,0.0908,-1.5074,-1.1001,1.8684,-1.6080,0.3772,9,0.4200,11
2024-05-02T00:29:30,767881770.000000,-0.2324,-1.5976,-1.6794,2.3296,-2.1559,0.4052,9,0.1817,10
2024-05-02T00:30:00,767881800.000000,-0.2300,-1.5637,-1.4086,2.1171,-1.9565,0.3994,10,0.2957,10
2024-05-02T00:30:30,767881830.000000,0.1185,-1.3902,-0.3689,1.4432,-1.1345,0.3721,10,0.6261,10
2024-05-02T00:31:00,767881860.000000,-0.1221,-1.4333,-0.6715,1.5875,-1.4063,0.3822,10,0.3152,11
2024-05-02T00:31:30,767881890.000000,-0.1239,-1.4828,-0.4861,1.5654,-1.2970,0.3770,9,0.5136,10
2024-05-02T00:32:00,767881920.000000,-0.7264,-1.7369,-1.5895,2.4639,-2.1879,0.3938,10,0.3709,10
2024-05-02T00:32:30,767881950.000000,-1.0598,-2.0096,-2.1628,3.1368,-2.6877,0.3996,11,0.6396,10
2024-05-02T00:33:00,767881980.000000,-0.2069,-1.6840,-0.2468,1.7145,-1.2936,0.3717,10,2.0015,10
2024-05-02T00:33:30,767882010.000000,-0.1973,-1.7377,-0.2054,1.7609,-1.3237,0.3637,8,0.3031,11
2024-05-02T00:34:00,767882040.000000,-0.1787,-1.7635,-0.3979,1.8166,-1.5065,0.3577,6,0.4854,11
2024-05-02T00:34:30,767882070.000000,0.1188,-1.6269,-9.7397,9.8753,-8.1059,0.5646,8,2.4420,11
2024-05-02T00:35:00,767882100.000000,0.1253,-2.1699,-9.1840,9.4377,-7.8031,0.5445,6,1.0316,11
2024-05-02T00:35:30,767882130.000000,0.1419,-2.6704,-8.8649,9.2595,-7.6954,0.5267,7,0.9285,11
2024-05-02T00:36:00,767882160.000000,0.1431,-3.1245,-8.5790,9.1314,-7.5937,0.4996,7,1.1021,11
2024-05-02T00:36:30,767882190.000000,0.1672,-3.5925,-8.4041,9.1413,-7.6028,0.4715,7,0.8245,12
2024-05-02T00:37:00,767882220.000000,0.1627,-3.9805,-7.9054,8.8524,-7.3998,0.4505,7,0.8759,12
2024-05-02T00:37:30,767882250.000000,0.0232,-3.0542,-5.2984,6.1157,-5.2426,0.4242,6,0.7000,12
2024-05-02T00:38:00,767882280.000000,-0.1922,-2.7722,-3.8940,4.7839,-4.2322,0.4149,6,0.7521,12
2024-05-02T00:38:30,767882310.000000,-0.4433,-2.5140,-2.7229,3.7324,-3.3875,0.4103,6,0.8058,10
2024-05-02T00:39:00,767882340.000000,-0.6003,-2.2663,-1.7509,2.9261,-2.7166,0.4057,6,0.5084,9
2024-05-02T00:39:30,767882370.000000,-0.8046,-1.9932,-0.8341,2.3056,-2.0699,0.4014,6,0.5225,9
2024-05-02T00:40:00,767882400.000000,-0.9439,-1.7143,-0.1413,1.9621,-1.5702,0.3975,7,0.2877,7
2024-05-02T00:40:30,767882430.000000,-1.2032,-1.2348,0.8911,1.9407,-0.7860,0.3951,7,0.6364,7
2024-05-02T00:41:00,767882460.000000,-1.3723,-0.8196,1.6789,2.3181,-0.1956,0.3909,7,0.4627,8
2024-05-02T00:41:30,767882490.000000,-1.6659,-0.0904,2.9076,3.3523,0.7938,0.3895,6,0.1532,8
2024-05-02T00:42:00,767882520.000000,-1.2909,-0.4245,2.1410,2.5359,0.1279,0.3806,6,0.2631,8
2024-05-02T00:42:30,767882550.000000,-1.3058,-0.2068,2.4173,2.7552,0.3420,0.3734,6,0.1326,7
2024-05-02T00:43:00,767882580.000000,-1.1657,-0.1894,2.3721,2.6499,0.2675,0.3670,6,0.2859,7
2024-05-02T00:43:30,767882610.000000,-0.8483,-0.1773,2.6047,2.7451,0.4023,0.3670,4,0.5250,7
2024-05-02T00:44:00,767882640.000000,-0.6880,0.6304,2.0099,2.2159,-0.1987,0.3670,3,0.0606,7
2024-05-02T00:44:30,767882670.000000,-1.0178,4.5975,-4.0273,6.1961,-5.5054,0.3670,4,3.6091,7
2024-05-02T00:45:00,767882700.000000,-0.0281,0.7702,2.8463,2.9488,0.4668,0.3670,3,0.0162,7
2024-05-02T00:45:30,767882730.000000,0.4733,-0.2919,5.2048,5.2344,2.3873,0.3670,4,0.2369,7
2024-05-02T00:46:00,767882760.000000,0.4579,1.2927,2.7203,3.0465,0.3424,0.3670,3,0.0991,7
2024-05-02T00:46:30,767882790.000000,0.5503,1.8039,2.1666,2.8725,-0.0699,0.3670,4,0.1396,6
2024-05-02T00:47:00,767882820.000000,0.7651,1.5762,3.2467,3.6893,0.8004,0.3670,4,0.0142,7
2024-05-02T00:47:30,767882850.000000,0.8849,1.7108,3.4141,3.9199,0.9531,0.3670,5,0.1262,7
2024-05-02T00:48:00,767882880.000000,1.7774,1.6974,5.7246,6.2299,2.7246,0.3771,6,0.9843,7
2024-05-02T00:48:30,767882910.000000,1.8447,1.8847,5.9617,6.5190,2.9096,0.3771,6,0.0717,7
2024-05-02T00:49:00,767882940.000000,1.8989,2.0466,6.2763,6.8692,3.1390,0.3771,6,0.0997,6
2024-05-02T00:49:30,767882970.000000,1.6630,2.0005,5.4874,6.0729,2.5938,0.3509,6,0.2894,7
2024-05-02T00:50:00,767883000.000000,1.5360,1.9579,5.3206,5.8738,2.4923,0.3285,6,0.4689,7
2024-05-02T00:50:30,767883030.000000,1.6493,2.9639,3.4556,4.8421,1.4369,0.3315,5,0.5693,7
2024-05-02T00:51:00,767883060.000000,3.0469,5.7922,1.3886,6.6904,0.0553,0.4801,7,1.5276,7
2024-05-02T00:51:30,767883090.000000,2.5236,5.0886,1.4466,5.8614,0.1953,0.4348,7,1.8500,7
2024-05-02T00:52:00,767883120.000000,2.0634,4.4768,1.3127,5.1012,0.1536,0.3959,8,1.7361,8
2024-05-02T00:52:30,767883150.000000,1.6292,3.9659,1.2743,4.4729,0.1517,0.3639,9,1.7475,8
2024-05-02T00:53:00,767883180.000000,1.1138,3.4472,1.1281,3.7942,-0.0418,0.3392,9,1.3833,9
2024-05-02T00:53:30,767883210.000000,0.9809,3.3072,1.0817,3.6152,-0.0251,0.3256,9,0.6628,9
2024-05-02T00:54:00,767883240.000000,0.4327,2.6029,0.7297,2.7377,-0.3346,0.2884,9,1.7358,9
2024-05-02T00:54:30,767883270.000000,0.2698,2.4244,0.1855,2.4464,-0.7277,0.2817,8,0.5636,9
2024-05-02T00:55:00,767883300.000000,0.1745,2.3726,-0.1702,2.3851,-0.9624,0.2823,8,0.5477,9
2024-05-02T00:55:30,767883330.000000,0.0969,2.3544,-0.4800,2.4048,-1.1640,0.2831,8,0.5188,9
2024-05-02T00:56:00,767883360.000000,0.0521,2.3251,-0.7769,2.4520,-1.3414,0.2823,8,0.5332,9
2024-05-02T00:56:30,767883390.000000,0.0002,2.2814,-0.9868,2.4857,-1.4556,0.2795,8,0.4392,9
2024-05-02T00:57:00,767883420.000000,-0.0017,2.1843,-1.1263,2.4576,-1.5164,0.2770,8,0.4718,9
2024-05-02T00:57:30,767883450.000000,-0.0206,2.0729,-1.2656,2.4288,-1.5676,0.2732,7,0.5060,9
2024-05-02T00:58:00,767883480.000000,-0.0177,1.9519,-1.3256,2.3595,-1.5730,0.2704,7,0.4270,9
2024-05-02T00:58:30,767883510.000000,0.0033,1.8045,-1.3520,2.2548,-1.5620,0.2691,8,0.4459,9
2024-05-02T00:59:00,767883540.000000,-0.0189,1.6771,-1.4105,2.1915,-1.5733,0.2650,8,0.4770,9
2024-05-02T00:59:30,767883570.000000,-0.5894,1.1764,-3.9391,4.1530,-3.5385,0.3127,9,4.2343,9
2024-05-02T01:00:00,767883600.000000,-0.7925,0.7849,-5.0770,5.1981,-4.4124,0.3338,9,4.3539,9
2024-05-02T01:00:30,767883630.000000,-0.8875,0.3788,-5.9161,5.9943,-5.0575,0.3527,9,4.1137,10
2024-05-02T01:01:00,767883660.000000,-0.9268,-0.0656,-6.7120,6.7760,-5.6596,0.3666,9,3.9311,10
2024-05-02T01:01:30,767883690.000000,-0.7816,-0.6524,-7.2133,7.2848,-6.0406,0.3770,9,3.7130,10
2024-05-02T01:02:00,767883720.000000,-0.1376,-1.3138,-7.6395,7.7528,-6.4061,0.3876,9,3.7275,10
2024-05-02T01:02:30,767883750.000000,1.7301,0.0132,-8.0064,8.1912,-6.7613,0.4038,9,3.6732,9
2024-05-02T01:03:00,767883780.000000,1.6406,1.4573,-8.3332,8.6173,-7.1118,0.4158,9,3.5740,9
2024-05-02T01:03:30,767883810.000000,1.5550,2.2269,-8.6333,9.0505,-7.4486,0.4264,9,3.5106,9
2024-05-02T01:04:00,767883840.000000,1.5926,2.8310,-9.3297,9.8790,-8.0547,0.4325,9,3.3754,9
2024-05-02T01:04:30,767883870.000000,1.5898,3.5265,-10.6543,11.3348,-8.9974,0.4169,9,3.3401,9
2024-05-02T01:05:00,767883900.000000,1.5912,4.2323,-11.1388,12.0215,-9.4884,0.4166,8,3.4152,9
2024-05-02T01:05:30,767883930.000000,1.6186,4.9474,-11.5788,12.6951,-9.9795,0.4164,8,3.3600,9
2024-05-02T01:06:00,767883960.000000,1.6344,5.7214,-12.0292,13.4204,-10.5016,0.4162,9,3.3086,9
2024-05-02T01:06:30,767883990.000000,1.6574,6.5653,-12.5006,14.2167,-11.0767,0.4160,9,3.3407,9
2024-05-02T01:07:00,767884020.000000,1.6788,7.3535,-12.7146,14.7836,-11.5166,0.4161,10,3.3541,10
2024-05-02T01:07:30,767884050.000000,1.6765,8.1946,-12.8547,15.3364,-11.9362,0.4162,10,3.2098,10
2024-05-02T01:08:00,767884080.000000,1.7326,7.4240,-9.6499,12.2979,-10.0839,0.4430,11,3.1891,11
2024-05-02T01:08:30,767884110.000000,1.6353,5.9437,-4.8171,7.8234,-7.4766,0.6229,11,3.1135,11
2024-05-02T01:09:00,767884140.000000,1.6129,5.5663,-3.3654,6.7016,-6.8819,0.7327,11,3.2755,12
2024-05-02T01:09:30,767884170.000000,1.6351,5.4131,-2.5763,6.2139,-6.5928,0.7808,11,3.2763,12
2024-05-02T01:10:00,767884200.000000,1.6401,5.2596,-1.9643,5.8491,-6.3768,0.8108,11,3.3218,11
2024-05-02T01:10:30,767884230.000000,1.6600,5.0907,-1.4585,5.5496,-6.1991,0.8330,11,3.3382,11
2024-05-02T01:11:00,767884260.000000,1.9623,4.6096,-1.8693,5.3472,-6.5777,0.8293,11,3.3806,11
2024-05-02T01:11:30,767884290.000000,1.9309,4.4591,-1.2233,5.0108,-6.2387,0.8339,11,3.4059,11
2024-05-02T01:12:00,767884320.000000,1.9392,4.2594,-0.7916,4.7465,-6.0182,0.8306,10,3.6027,11
2024-05-02T01:12:30,767884350.000000,1.9618,4.0078,-0.3167,4.4734,-5.7447,0.8261,9,3.8688,11
2024-05-02T01:13:00,767884380.000000,1.9788,3.7305,0.2172,4.2284,-5.4155,0.8194,9,3.9159,11
2024-05-02T01:13:30,767884410.000000,2.0118,3.2691,0.8283,3.9269,-5.0386,0.8314,8,4.1364,11
2024-05-02T01:14:00,767884440.000000,3.1240,2.9638,-1.9310,4.7194,-7.0847,0.8314,8,4.1575,11
2024-05-02T01:14:30,767884470.000000,3.1002,2.5661,-1.2858,4.2248,-6.6184,0.8428,8,4.1875,11
2024-05-02T01:15:00,767884500.000000,3.0893,2.1791,-0.6797,3.8411,-6.1747,0.8552,8,4.1380,11
2024-05-02T01:15:30,767884530.000000,3.6576,2.0280,-1.8252,4.5631,-6.9739,0.8570,8,4.2320,11
2024-05-02T01:16:00,767884560.000000,3.2598,1.2873,0.0766,3.5057,-5.4954,0.8744,8,4.1940,11
2024-05-02T01:16:30,767884590.000000,3.2803,0.8668,0.3806,3.4141,-5.1947,0.8841,7,4.0877,11
2024-05-02T01:17:00,767884620.000000,3.2987,0.3640,0.8078,3.4157,-4.7504,0.8934,7,4.0658,10
2024-05-02T01:17:30,767884650.000000,3.2904,0.0335,0.9378,3.4216,-4.5464,0.9022,7,4.1019,9
2024-05-02T01:18:00,767884680.000000,3.3602,-0.5728,1.5504,3.7447,-3.9075,0.9117,6,4.2937,9
2024-05-02T01:18:30,767884710.000000,3.4187,-1.2728,2.1616,4.2403,-3.2033,0.9202,6,4.2737,8
2024-05-02T01:19:00,767884740.000000,3.5476,-2.0210,2.7859,4.9428,-2.4329,0.9283,6,4.1894,8
2024-05-02T01:19:30,767884770.000000,3.6963,-2.8199,3.4274,5.7759,-1.5898,0.9361,6,4.3845,8
2024-05-02T01:20:00,767884800.000000,3.7802,-3.5679,3.8434,6.4646,-0.9210,0.9430,6,4.1425,8
2024-05-02T01:20:30,767884830.000000,3.8853,-4.3753,4.2418,7.2272,-0.2056,0.9495,7,4.2044,8
2024-05-02T01:21:00,767884860.000000,4.0292,-5.1558,4.5454,7.9673,0.4625,0.9552,9,3.9824,8
2024-05-02T01:21:30,767884890.000000,4.0416,-6.4629,5.0109,9.1221,1.4898,0.9561,9,3.5555,8
2024-05-02T01:22:00,767884920.000000,4.1674,-6.9041,4.9174,9.4453,1.8213,0.9617,9,3.3594,10
2024-05-02T01:22:30,767884950.000000,4.3019,-7.0391,4.6604,9.4750,1.9087,0.9690,9,3.4370,10
2024-05-02T01:23:00,767884980.000000,3.1281,-5.3313,2.7780,6.7768,0.1959,0.7803,9,3.5381,9
2024-05-02T01:23:30,767885010.000000,2.9322,-4.9440,2.3054,6.1932,-0.2053,0.7833,9,3.3823,9
2024-05-02T01:24:00,767885040.000000,2.8381,-4.8079,2.0331,5.9417,-0.3617,0.8011,9,3.5054,9
2024-05-02T01:24:30,767885070.000000,2.7650,-4.7870,1.1171,5.6399,-0.8877,0.8339,8,4.0756,9
2024-05-02T01:25:00,767885100.000000,2.5007,-4.6343,-0.3706,5.2790,-1.5344,0.8759,7,3.7079,9
2024-05-02T01:25:30,767885130.000000,2.3559,-4.5468,-0.7996,5.1830,-1.7552,0.8962,7,3.7782,9
2024-05-02T01:26:00,767885160.000000,2.3092,-4.3956,-1.1860,5.1049,-1.9851,0.9194,8,3.6249,9
2024-05-02T01:26:30,767885190.000000,2.1952,-4.2514,-1.5228,5.0212,-2.1618,0.9432,8,3.6510,9
2024-05-02T01:27:00,767885220.000000,2.3277,-2.9172,-1.6419,4.0773,-3.1399,1.0442,9,3.4761,10
2024-05-02T01:27:30,767885250.000000,2.4640,-2.3242,-1.7830,3.8278,-3.6388,1.1094,9,3.8699,10
2024-05-02T01:28:00,767885280.000000,4.6209,-2.3687,-1.1754,5.3240,-3.9828,1.3474,10,3.3160,11
2024-05-02T01:28:30,767885310.000000,4.3905,-1.9131,-1.4684,5.0093,-4.3588,1.3910,8,2.9307,11
2024-05-02T01:29:00,767885340.000000,3.8947,-1.3474,-1.4381,4.3649,-4.5154,1.3991,9,2.1144,11
2024-05-02T01:29:30,767885370.000000,4.6030,-1.3670,1.1299,4.9328,-3.0919,1.4926,10,1.9100,11
2024-05-02T01:30:00,767885400.000000,4.4977,-1.1066,2.2180,5.1355,-2.5256,1.4997,7,1.8219,10
2024-05-02T01:30:30,767885430.000000,4.7021,-1.5481,6.7436,8.3656,0.5616,1.2867,7,1.4211,11
2024-05-02T01:31:00,767885460.000000,4.6056,-1.6684,8.0925,9.4596,1.3231,1.2661,8,1.2448,11
2024-05-02T01:31:30,767885490.000000,-9.2622,12.8243,-5.0797,16.6149,-16.2169,1.4120,9,2.0041,11
2024-05-02T01:32:00,767885520.000000,-8.3827,11.0706,1.7342,13.9942,-11.6629,1.4787,9,2.3180,12
2024-05-02T01:32:30,767885550.000000,-7.6204,10.1138,4.7212,13.5147,-9.7531,1.5154,9,1.9130,12
2024-05-02T01:33:00,767885580.000000,-6.9054,9.2077,6.9117,13.4252,-8.3751,1.5462,9,1.7907,12
2024-05-02T01:33:30,767885610.000000,-6.2071,8.2996,8.6849,13.5217,-7.2496,1.5727,10,1.6086,12
2024-05-02T01:34:00,767885640.000000,-5.5105,7.3269,10.3599,13.8339,-6.1391,1.5976,10,1.4131,11
2024-05-02T01:34:30,767885670.000000,-4.8693,6.3249,11.7567,14.2104,-5.1987,1.6205,9,1.3065,11
2024-05-02T01:35:00,767885700.000000,-3.8592,4.4924,14.2755,15.4553,-3.2901,1.6487,10,2.8575,10
2024-05-02T01:35:30,767885730.000000,-3.2494,3.3621,15.3646,16.0603,-2.4521,1.6718,10,2.4515,10
2024-05-02T01:36:00,767885760.000000,-2.7172,2.3154,16.1729,16.5622,-1.8001,1.6902,10,2.1237,10
2024-05-02T01:36:30,767885790.000000,-2.2074,1.3784,16.9404,17.1391,-1.1269,1.7005,9,1.8133,10
2024-05-02T01:37:00,767885820.000000,-1.6462,0.3756,17.7335,17.8137,-0.3901,1.7101,9,1.9441,10
2024-05-02T01:37:30,767885850.000000,-1.1642,-0.7157,18.2659,18.3170,0.1673,1.7250,9,1.9534,10
2024-05-02T01:38:00,767885880.000000,-0.6847,-1.8097,18.7939,18.8932,0.7640,1.7352,9,1.6520,10
2024-05-02T01:38:30,767885910.000000,-0.1840,-2.9455,19.2417,19.4667,1.3389,1.7479,9,1.6966,10
2024-05-02T01:39:00,767885940.000000,0.0344,-4.4856,18.6567,19.1884,1.0875,1.8072,9,1.3886,10
2024-05-02T01:39:30,767885970.000000,0.7244,-5.4569,19.6693,20.4251,2.2292,1.7923,8,1.4836,10
2024-05-02T01:40:00,767886000.000000,1.3963,-6.5464,20.6869,21.7429,3.4391,1.7736,9,1.0986,10
2024-05-02T01:40:30,767886030.000000,2.1171,-7.6270,21.6784,23.0783,4.6874,1.7501,9,1.1185,10
2024-05-02T01:41:00,767886060.000000,3.5716,-9.3145,23.2324,25.2836,6.7062,1.7442,9,3.1686,11
2024-05-02T01:41:30,767886090.000000,4.3179,-10.6848,24.0208,26.6422,7.9287,1.7220,9,2.9430,10
2024-05-02T01:42:00,767886120.000000,4.9343,-12.0348,24.7162,27.9298,9.0978,1.6944,9,2.7226,10
2024-05-02T01:42:30,767886150.000000,5.4927,-13.4172,25.2068,29.0788,10.1284,1.6662,10,2.5575,10
2024-05-02T01:43:00,767886180.000000,6.0319,-14.8181,25.6858,30.2609,11.2061,1.6343,10,2.5059,10
2024-05-02T01:43:30,767886210.000000,6.3323,-16.1322,25.8153,31.0930,12.0342,1.5906,10,2.2695,11
2024-05-02T01:44:00,767886240.000000,6.4735,-17.3057,25.7260,31.6737,12.6964,1.5380,10,2.3206,11
2024-05-02T01:44:30,767886270.000000,6.5491,-18.4247,25.6832,32.2798,13.4203,1.4760,11,2.3045,10
2024-05-02T01:45:00,767886300.000000,6.6025,-19.5570,25.6185,32.8995,14.1568,1.4129,11,2.1427,10
2024-05-02T01:45:30,767886330.000000,5.9281,-19.1038,23.9478,31.2025,13.3176,1.3232,11,2.1695,11
2024-05-02T01:46:00,767886360.000000,5.5020,-19.3917,22.9577,30.5510,13.1810,1.2446,11,2.2627,11
2024-05-02T01:46:30,767886390.000000,5.0914,-19.7749,22.2859,30.2263,13.2846,1.1647,11,2.2629,11
2024-05-02T01:47:00,767886420.000000,4.5521,-20.1991,21.3822,29.7645,13.2684,1.0935,11,2.4100,11
2024-05-02T01:47:30,767886450.000000,3.8737,-20.6433,21.0894,29.7643,13.6250,1.0173,10,2.4956,11
2024-05-02T01:48:00,767886480.000000,2.8215,-21.1248,20.9678,29.8976,14.0437,0.9638,10,2.6654,11
2024-05-02T01:48:30,767886510.000000,0.7871,-21.6552,20.9750,30.1582,14.5316,0.9167,11,2.4233,11
2024-05-02T01:49:00,767886540.000000,-4.7849,-21.5871,21.5150,30.8511,15.2623,0.9057,10,2.2803,11
2024-05-02T01:49:30,767886570.000000,-21.0690,-3.8641,18.6999,28.4345,13.6368,0.9391,10,2.0351,12
2024-05-02T01:50:00,767886600.000000,-14.7091,15.3847,17.5160,27.5655,13.1640,0.9540,10,2.1067,12
2024-05-02T01:50:30,767886630.000000,-11.0053,18.1496,16.5527,26.9168,12.8605,0.9656,10,2.1311,12
2024-05-02T01:51:00,767886660.000000,-9.3778,18.9586,15.5415,26.2471,12.5456,0.9736,10,2.1406,12
2024-05-02T01:51:30,767886690.000000,-8.4441,19.3037,14.5354,25.5972,12.2481,0.9827,10,2.1024,12
2024-05-02T01:52:00,767886720.000000,-7.8371,19.4683,13.6212,25.0195,11.9948,0.9943,10,2.0531,12
2024-05-02T01:52:30,767886750.000000,-7.3839,19.5302,12.6769,24.4265,11.7136,1.0093,10,2.0752,11
2024-05-02T01:53:00,767886780.000000,-7.0002,19.4856,11.6060,23.7359,11.3618,1.0173,10,2.0875,11
2024-05-02T01:53:30,767886810.000000,-6.6705,19.4106,10.6383,23.1180,11.0718,1.0292,10,2.1506,11
2024-05-02T01:54:00,767886840.000000,-6.3853,19.2416,9.5762,22.4213,10.7364,1.0330,11,2.3734,10
2024-05-02T01:54:30,767886870.000000,-6.1418,18.8733,8.2114,21.4791,10.2114,1.0229,10,3.8413,10
2024-05-02T01:55:00,767886900.000000,-5.1881,17.0108,4.6598,18.3847,8.1010,1.0077,11,3.9140,11
2024-05-02T01:55:30,767886930.000000,-5.1619,15.4797,1.7023,16.4062,6.6121,0.8853,10,2.8993,11
2024-05-02T01:56:00,767886960.000000,-4.9612,14.7559,0.2870,15.5702,5.9989,0.8370,10,2.1937,11
2024-05-02T01:56:30,767886990.000000,-4.1232,14.9408,0.1388,15.4999,5.8976,0.9258,9,3.2560,11
2024-05-02T01:57:00,767887020.000000,-3.9177,14.5263,0.2438,15.0473,6.1486,0.9218,8,4.5079,11
2024-05-02T01:57:30,767887050.000000,-3.5756,13.3263,0.5173,13.8073,6.4105,0.9182,7,4.3752,11
2024-05-02T01:58:00,767887080.000000,-3.2240,12.2262,2.4418,12.8778,7.3268,0.9210,8,5.4602,12
2024-05-02T01:58:30,767887110.000000,-2.8912,11.1948,3.1139,11.9741,7.7219,0.9191,8,5.2699,12
2024-05-02T01:59:00,767887140.000000,-2.4664,6.1889,0.7523,6.7046,6.1362,0.4647,8,5.4496,13
2024-05-02T01:59:30,767887170.000000,-2.0979,4.6736,1.0211,5.2236,6.2613,0.3031,8,5.3653,13
2024-05-02T02:00:00,767887200.000000,-1.8319,3.8230,1.6385,4.5449,6.5762,0.2140,8,4.7996,13
2024-05-02T02:00:30,767887230.000000,-1.6091,3.8502,2.7207,4.9815,7.2353,0.2129,7,3.9121,12
2024-05-02T02:01:00,767887260.000000,-1.9340,3.9817,2.7890,5.2319,7.1601,0.2084,7,3.9905,12
2024-05-02T02:01:30,767887290.000000,-1.7123,4.0460,3.7657,5.7864,7.7399,0.2074,7,3.8181,11
2024-05-02T02:02:00,767887320.000000,-1.4660,4.2099,4.7147,6.4885,8.3178,0.2066,7,3.4948,9
2024-05-02T02:02:30,767887350.000000,-1.2883,4.5229,5.6195,7.3277,8.9209,0.2060,7,3.3168,8
2024-05-02T02:03:00,767887380.000000,-1.1007,4.7424,6.3721,8.0191,9.3716,0.2043,7,3.5819,8
2024-05-02T02:03:30,767887410.000000,-0.9082,5.0825,7.1238,8.7980,9.8674,0.2032,7,3.2406,8
2024-05-02T02:04:00,767887440.000000,-1.5335,0.3925,4.2319,4.5183,5.7668,0.2891,8,3.7741,9
2024-05-02T02:04:30,767887470.000000,-1.3049,-1.0306,4.3695,4.6752,4.9857,0.3324,8,3.3216,9
2024-05-02T02:05:00,767887500.000000,-1.2875,-1.3986,4.4830,4.8694,4.6050,0.3584,6,3.0742,9
2024-05-02T02:05:30,767887530.000000,-1.2883,-1.6482,4.5552,5.0126,4.2265,0.3811,6,3.0383,8
2024-05-02T02:06:00,767887560.000000,-2.8494,1.4043,-1.0551,3.3473,1.4690,0.3452,6,3.6508,8
2024-05-02T02:06:30,767887590.000000,-2.2611,0.6010,-1.1923,2.6259,0.7430,0.3530,5,3.4194,8
2024-05-02T02:07:00,767887620.000000,-1.6236,-0.1970,-1.2971,2.0874,-0.0026,0.3601,6,3.4451,8
2024-05-02T02:07:30,767887650.000000,-0.9429,-0.9398,-1.3446,1.8921,-0.7291,0.3663,6,3.3048,8
2024-05-02T02:08:00,767887680.000000,0.2849,-2.2152,-0.5528,2.3009,-1.2022,0.2245,6,2.8810,9
2024-05-02T02:08:30,767887710.000000,0.8835,-3.9853,-1.8470,4.4805,-3.4160,0.2660,8,2.9178,9
2024-05-02T02:09:00,767887740.000000,0.9947,-3.8570,-2.0225,4.4673,-3.7223,0.2544,7,2.8379,9
2024-05-02T02:09:30,767887770.000000,-0.4636,-1.7672,-2.0284,2.7299,-2.3412,0.0774,7,2.1532,11
2024-05-02T02:10:00,767887800.000000,-0.7285,-1.3325,-2.0350,2.5392,-2.1359,0.0211,6,2.2511,10
2024-05-02T02:10:30,767887830.000000,-3.0949,-0.8498,-6.3422,7.1080,-4.4734,-0.1368,7,3.4439,10
2024-05-02T02:11:00,767887860.000000,-2.5224,0.2314,-4.6370,5.2837,-2.6656,-0.2530,7,1.9660,9
2024-05-02T02:11:30,767887890.000000,-2.3959,0.0223,-4.4535,5.0572,-2.6752,-0.2640,8,1.9185,8
2024-05-02T02:12:00,767887920.000000,-2.5377,-0.5675,-4.7328,5.4001,-3.2145,-0.2379,9,1.9818,8
2024-05-02T02:12:30,767887950.000000,-1.4649,-1.3138,-1.5949,2.5329,-1.6211,-0.2232,11,2.9577,9
2024-05-02T02:13:00,767887980.000000,-1.5893,-1.2892,-1.7920,2.7201,-1.8055,-0.2167,10,2.0393,10
2024-05-02T02:13:30,767888010.000000,-1.7509,-1.2383,-1.7940,2.7960,-1.8446,-0.2121,10,1.9180,11
2024-05-02T02:14:00,767888040.000000,-1.7208,-1.0353,-2.9513,3.5697,-2.6403,-0.1907,10,1.9476,11
2024-05-02T02:14:30,767888070.000000,-1.8181,-1.0981,-3.0191,3.6914,-2.7473,-0.1840,9,2.1307,11
2024-05-02T02:15:00,767888100.000000,-1.9236,-1.1849,-3.0257,3.7762,-2.8116,-0.1789,9,1.7674,11
2024-05-02T02:15:30,767888130.000000,-2.1299,-0.5612,-5.8421,6.2435,-4.9176,-0.0863,9,1.7324,11
2024-05-02T02:16:00,767888160.000000,-2.2090,-0.9374,-5.0608,5.6009,-4.4113,-0.0964,8,2.0880,11
2024-05-02T02:16:30,767888190.000000,-2.2979,-1.2440,-4.3652,5.0875,-3.9668,-0.1114,8,1.9938,11
2024-05-02T02:17:00,767888220.000000,-2.3821,-1.4982,-3.6138,4.5802,-3.5022,-0.1242,8,1.9063,11
2024-05-02T02:17:30,767888250.000000,-2.4671,-1.6800,-2.8495,4.1266,-3.0421,-0.1371,8,1.7961,11
2024-05-02T02:18:00,767888280.000000,-2.4943,-1.8087,-2.2111,3.7924,-2.6700,-0.1493,8,1.6474,10
2024-05-02T02:18:30,767888310.000000,-2.5607,-1.8995,-1.5696,3.5537,-2.2881,-0.1629,8,1.6689,10
2024-05-02T02:19:00,767888340.000000,-2.5816,-1.9405,-0.9539,3.3675,-1.9430,-0.1721,8,1.5182,10
2024-05-02T02:19:30,767888370.000000,-2.6048,-1.9417,-0.4185,3.2757,-1.6392,-0.1832,8,1.4639,9
2024-05-02T02:20:00,767888400.000000,-2.6424,-1.8922,0.0872,3.2512,-1.3568,-0.1917,8,1.3557,9
2024-05-02T02:20:30,767888430.000000,-2.6700,-1.8583,0.5749,3.3034,-1.0865,-0.2043,8,1.6232,9
2024-05-02T02:21:00,767888460.000000,-2.7040,-1.7715,1.0133,3.3877,-0.8381,-0.2149,8,1.4545,8
2024-05-02T02:21:30,767888490.000000,-2.7394,-1.6398,1.4684,3.5141,-0.5861,-0.2230,9,1.2588,8
2024-05-02T02:22:00,767888520.000000,-2.7396,-1.5519,1.7638,3.6090,-0.4323,-0.2341,9,1.4873,8
2024-05-02T02:22:30,767888550.000000,-2.7473,-1.7853,1.4513,3.5834,-0.7106,-0.2390,9,0.9196,9
2024-05-02T02:23:00,767888580.000000,-2.8027,-1.9899,1.2753,3.6662,-0.9258,-0.2408,10,1.5003,9
2024-05-02T02:23:30,767888610.000000,-2.8467,-2.0880,1.2210,3.7356,-1.0422,-0.2482,10,1.1276,9
2024-05-02T02:24:00,767888640.000000,-3.3015,-3.0456,0.0220,4.4918,-2.1268,-0.2178,10,2.2969,10
2024-05-02T02:24:30,767888670.000000,-3.5671,-3.3876,-0.4442,4.9394,-2.6996,-0.1941,10,2.2996,10
2024-05-02T02:25:00,767888700.000000,-4.3205,-3.0152,-1.8046,5.5691,-4.1608,-0.0872,11,1.8588,10
2024-05-02T02:25:30,767888730.000000,-4.2008,-3.1024,-1.4510,5.4200,-4.1028,-0.0620,10,3.0215,11
2024-05-02T02:26:00,767888760.000000,-4.1623,-3.2058,-1.1845,5.3856,-4.1183,-0.0394,10,3.2878,11
2024-05-02T02:26:30,767888790.000000,-4.1047,-3.2454,-1.0158,5.3304,-4.2000,-0.0176,9,3.3814,11
2024-05-02T02:27:00,767888820.000000,-3.9284,-1.9820,-2.2563,4.9448,-5.4979,0.0884,9,3.7756,11
2024-05-02T02:27:30,767888850.000000,-4.4336,-4.5347,0.8712,6.4015,-3.1497,-0.0203,9,3.1071,11
2024-05-02T02:28:00,767888880.000000,-4.3973,-4.6637,1.1490,6.5121,-3.1943,-0.0109,8,3.1108,11
2024-05-02T02:28:30,767888910.000000,-4.3600,-4.8039,1.4875,6.6558,-3.2058,0.0035,8,3.3799,11
2024-05-02T02:29:00,767888940.000000,-4.3499,-4.9301,1.8809,6.8385,-3.2047,0.0235,8,3.4751,11
2024-05-02T02:29:30,767888970.000000,-4.3515,-4.9541,2.1451,6.9340,-3.3069,0.0485,8,3.3260,11
2024-05-02T02:30:00,767889000.000000,-4.3688,-4.9467,2.2698,6.9791,-3.5188,0.0809,10,3.4053,11
2024-05-02T02:30:30,767889030.000000,-4.3799,-4.9453,2.3876,7.0242,-3.7321,0.1134,10,3.1899,10
2024-05-02T02:31:00,767889060.000000,-4.2186,-3.3067,3.0318,6.1581,-2.8635,0.0819,10,4.1841,12
2024-05-02T02:31:30,767889090.000000,-4.1845,-2.8177,3.1572,5.9513,-2.7717,0.0781,9,3.7536,12
2024-05-02T02:32:00,767889120.000000,-4.1695,-2.4600,3.3431,5.8833,-2.6666,0.0731,9,3.7633,12
2024-05-02T02:32:30,767889150.000000,-4.1708,-2.1477,3.4313,5.8122,-2.6338,0.0683,9,3.6009,11
2024-05-02T02:33:00,767889180.000000,-4.1880,-1.8351,3.4136,5.7060,-2.6475,0.0630,9,3.6095,10
2024-05-02T02:33:30,767889210.000000,-4.2032,-1.5493,3.4229,5.6376,-2.6271,0.0594,8,3.8544,10
2024-05-02T02:34:00,767889240.000000,-4.3967,-1.0303,3.6266,5.7918,-2.6792,0.0872,9,3.4913,10
2024-05-02T02:34:30,767889270.000000,-4.3987,-0.8226,3.4507,5.6509,-2.7401,0.0817,8,3.6853,10
2024-05-02T02:35:00,767889300.000000,-4.3950,-0.7025,3.3729,5.5844,-2.7400,0.0792,9,3.3965,10
2024-05-02T02:35:30,767889330.000000,-4.3733,-0.7657,3.3976,5.5906,-2.6554,0.0788,9,3.5135,10
2024-05-02T02:36:00,767889360.000000,-4.2552,-1.3639,3.2796,5.5428,-2.6536,0.0754,9,3.6146,10
2024-05-02T02:36:30,767889390.000000,-1.9690,-4.1267,3.4139,5.7062,-2.4593,0.0675,8,3.5860,10
2024-05-02T02:37:00,767889420.000000,3.6241,-3.6911,1.1694,5.3034,-3.5707,-0.0121,9,3.3138,10
2024-05-02T02:37:30,767889450.000000,4.0686,-2.6836,2.2852,5.3830,-2.8649,0.0290,9,3.2871,10
2024-05-02T02:38:00,767889480.000000,4.4511,-2.4355,1.5231,5.2975,-3.1616,-0.0027,9,3.1015,10
2024-05-02T02:38:30,767889510.000000,4.4987,-2.3700,1.5075,5.3036,-3.0670,-0.0030,9,3.1849,10
2024-05-02T02:39:00,767889540.000000,4.5334,-2.3491,1.3369,5.2780,-3.0492,-0.0067,9,3.2219,10
2024-05-02T02:39:30,767889570.000000,4.5657,-2.4009,1.1859,5.2931,-3.0243,-0.0099,9,3.1280,10
2024-05-02T02:40:00,767889600.000000,4.5521,-2.4673,1.0472,5.2825,-2.9944,-0.0130,9,3.0407,10
2024-05-02T02:40:30,767889630.000000,4.4555,-2.6516,1.8422,5.5023,-2.4200,0.0010,9,3.0519,10
2024-05-02T02:41:00,767889660.000000,4.3733,-2.9604,2.6423,5.9052,-1.8223,0.0186,9,2.9945,10
2024-05-02T02:41:30,767889690.000000,4.4264,-2.8612,1.6266,5.5159,-2.3145,0.0078,8,3.1930,10
2024-05-02T02:42:00,767889720.000000,4.4919,-2.5770,0.4142,5.1952,-2.9492,-0.0046,8,3.0561,10
2024-05-02T02:42:30,767889750.000000,4.5842,-2.3262,-0.5376,5.1687,-3.4309,-0.0140,9,3.1610,10
2024-05-02T02:43:00,767889780.000000,4.6644,-1.8125,-1.7953,5.3164,-4.1600,-0.0259,9,3.2350,10
2024-05-02T02:43:30,767889810.000000,4.7240,-1.3077,-2.9506,5.7212,-4.8255,-0.0528,9,2.9968,11
2024-05-02T02:44:00,767889840.000000,4.7483,-0.9479,-3.7023,6.0952,-5.2723,-0.0547,9,3.0376,10
2024-05-02T02:44:30,767889870.000000,4.2605,-3.4277,-4.8202,7.2894,-5.7814,-0.0672,9,2.7191,11
2024-05-02T02:45:00,767889900.000000,4.1850,-3.3194,-5.1028,7.3873,-5.7468,-0.0828,8,2.9158,11
2024-05-02T02:45:30,767889930.000000,4.1349,-3.1838,-5.4242,7.5270,-5.7642,-0.0950,8,2.8408,11
2024-05-02T02:46:00,767889960.000000,4.0785,-2.9655,-5.7987,7.6846,-5.8345,-0.1030,9,2.7203,11
2024-05-02T02:46:30,767889990.000000,4.0464,-2.7437,-6.1739,7.8752,-5.9230,-0.1133,9,2.8610,10
2024-05-02T02:47:00,767890020.000000,4.1159,-2.1121,-6.9359,8.3372,-6.3867,-0.0962,9,2.7574,11
2024-05-02T02:47:30,767890050.000000,4.0466,-1.6858,-7.3634,8.5695,-6.5815,-0.0978,9,2.3517,11
2024-05-02T02:48:00,767890080.000000,4.0126,-1.3309,-7.6237,8.7174,-6.6673,-0.0961,9,2.4565,11
2024-05-02T02:48:30,767890110.000000,4.0002,-0.9860,-7.9611,8.9640,-6.8313,-0.0896,9,2.7305,11
2024-05-02T02:49:00,767890140.000000,4.0855,-0.7110,-8.4404,9.4042,-7.1090,-0.0983,9,2.9264,11
2024-05-02T02:49:30,767890170.000000,4.2290,-0.4036,-9.0188,9.9693,-7.4736,-0.1112,9,2.3196,10
2024-05-02T02:50:00,767890200.000000,3.9845,0.1747,-8.8454,9.7030,-7.3162,-0.1090,8,2.1703,9
2024-05-02T02:50:30,767890230.000000,3.9378,0.5511,-9.0046,9.8434,-7.3794,-0.1127,9,1.9238,9
2024-05-02T02:51:00,767890260.000000,3.7114,1.0300,-8.8412,9.6438,-7.2514,-0.1096,8,1.9944,9
2024-05-02T02:51:30,767890290.000000,3.3964,1.5497,-8.8055,9.5642,-7.2507,-0.1184,8,1.7601,9
2024-05-02T02:52:00,767890320.000000,3.1915,2.0382,-8.6007,9.3974,-7.1478,-0.1158,9,1.7584,9
2024-05-02T02:52:30,767890350.000000,3.0087,2.4018,-8.6118,9.4331,-7.1987,-0.1068,8,1.5020,9
2024-05-02T02:53:00,767890380.000000,2.6962,2.1994,-6.3260,7.2198,-5.3388,-0.1653,7,1.4612,10
2024-05-02T02:53:30,767890410.000000,2.4514,2.3943,-5.2961,6.3080,-4.6001,-0.1877,7,1.2733,10
2024-05-02T02:54:00,767890440.000000,2.2257,2.5980,-4.4013,5.5745,-3.9887,-0.2064,7,1.1395,10
2024-05-02T02:54:30,767890470.000000,2.0352,2.7393,-3.6840,5.0217,-3.5161,-0.2217,7,1.0238,10
2024-05-02T02:55:00,767890500.000000,1.8919,2.8502,-2.8838,4.4743,-3.0024,-0.2337,7,1.0319,10
2024-05-02T02:55:30,767890530.000000,1.6917,2.9268,-2.2381,4.0543,-2.6100,-0.2482,8,1.0036,10
2024-05-02T02:56:00,767890560.000000,1.5508,2.9483,-1.7572,3.7664,-2.3359,-0.2640,8,0.9572,9
2024-05-02T02:56:30,767890590.000000,1.7309,3.1370,-1.9324,4.0707,-2.4944,-0.3273,8,1.1173,10
2024-05-02T02:57:00,767890620.000000,1.7466,3.2438,-1.9714,4.1784,-2.5357,-0.3773,8,1.1247,10
2024-05-02T02:57:30,767890650.000000,1.7806,3.3491,-1.8616,4.2252,-2.4734,-0.4279,8,1.1175,9
2024-05-02T02:58:00,767890680.000000,1.7821,3.4563,-1.8689,4.3145,-2.5002,-0.4765,8,1.2302,8
2024-05-02T02:58:30,767890710.000000,1.8546,3.5180,-1.9178,4.4152,-2.5453,-0.5235,8,1.2028,8
2024-05-02T02:59:00,767890740.000000,1.8899,3.5707,-1.7692,4.4104,-2.4580,-0.5725,8,1.1907,8
2024-05-02T02:59:30,767890770.000000,1.8571,3.6440,-1.7022,4.4300,-2.4444,-0.6233,8,1.1650,8
2024-05-02T03:00:00,767890800.000000,1.8427,3.6956,-1.6065,4.4310,-2.3980,-0.6713,8,1.1860,8
2024-05-02T03:00:30,767890830.000000,1.7817,3.7767,-1.6012,4.4723,-2.4169,-0.7179,8,1.2060,8
2024-05-02T03:01:00,767890860.000000,1.8090,3.7981,-1.4610,4.4534,-2.3121,-0.7601,8,1.2734,8
2024-05-02T03:01:30,767890890.000000,1.7616,3.8276,-1.3704,4.4308,-2.2444,-0.8035,9,1.3815,8
2024-05-02T03:02:00,767890920.000000,1.3873,0.4015,8.4754,8.5976,4.0443,-0.9462,10,1.2140,9
2024-05-02T03:02:30,767890950.000000,1.5280,0.1135,8.1933,8.3353,3.9573,-0.9435,11,1.4030,10
2024-05-02T03:03:00,767890980.000000,1.2719,-0.1295,8.4280,8.5245,4.0846,-0.9534,11,1.7376,11
2024-05-02T03:03:30,767891010.000000,1.3714,-0.2471,6.9825,7.1202,3.6386,-0.9643,11,1.6724,12
2024-05-02T03:04:00,767891040.000000,1.3410,-0.3531,6.2754,6.4268,3.4302,-0.9705,11,1.3952,12
2024-05-02T03:04:30,767891070.000000,1.2863,-0.4433,5.7012,5.8613,3.2432,-0.9680,11,1.4687,12
2024-05-02T03:05:00,767891100.000000,1.1968,-0.4504,5.1726,5.3283,3.0636,-0.9611,11,1.3468,12
2024-05-02T03:05:30,767891130.000000,1.0493,-0.4272,4.6242,4.7610,2.8205,-0.9420,11,1.3573,12
2024-05-02T03:06:00,767891160.000000,0.8897,-0.3769,4.1403,4.2515,2.5995,-0.9228,9,1.1983,11
2024-05-02T03:06:30,767891190.000000,0.7815,-0.3005,3.7093,3.8026,2.4408,-0.9212,8,1.3788,11
2024-05-02T03:07:00,767891220.000000,0.6765,-0.1598,3.2535,3.3269,2.2256,-0.9135,7,1.7358,11
2024-05-02T03:07:30,767891250.000000,0.5917,0.0072,2.8095,2.8711,1.9972,-0.9040,8,1.2773,11
2024-05-02T03:08:00,767891280.000000,-0.0932,-0.4325,2.0463,2.0936,1.2608,-0.8225,8,1.1950,11
2024-05-02T03:08:30,767891310.000000,-0.4998,0.2322,1.2197,1.3384,0.2223,-0.7462,10,1.2227,12
2024-05-02T03:09:00,767891340.000000,0.4189,1.5619,1.3578,2.1116,0.7651,-0.8349,10,2.3097,12
2024-05-02T03:09:30,767891370.000000,2.2689,1.3799,0.4838,2.6993,1.3784,-0.9582,8,4.6019,14
2024-05-02T03:10:00,767891400.000000,4.1430,0.9761,-2.8542,5.1248,-0.8425,-0.9479,7,4.4133,14
2024-05-02T03:10:30,767891430.000000,5.7763,0.9953,-6.1906,8.5252,-3.1623,-0.9221,7,4.1768,14
2024-05-02T03:11:00,767891460.000000,6.2476,0.8045,-7.1950,9.5628,-3.7093,-0.8506,8,3.8746,12
2024-05-02T03:11:30,767891490.000000,7.0836,0.9261,-8.8693,11.3885,-4.8310,-0.8024,8,3.6457,11
2024-05-02T03:12:00,767891520.000000,7.7052,0.9809,-9.7760,12.4861,-5.3588,-0.8090,7,3.0919,11
2024-05-02T03:12:30,767891550.000000,8.2929,1.2102,-10.5494,13.4732,-5.7788,-0.8170,7,2.8415,11
2024-05-02T03:13:00,767891580.000000,8.8770,1.5046,-11.6221,14.7017,-6.4418,-0.8258,8,3.1494,11
2024-05-02T03:13:30,767891610.000000,9.4417,1.9300,-12.5187,15.7984,-6.9694,-0.8354,8,2.8773,11
2024-05-02T03:14:00,767891640.000000,9.1387,1.0376,-10.3424,13.8404,-5.2211,-0.8135,9,4.2117,12
2024-05-02T03:14:30,767891670.000000,9.2773,0.7890,-9.9153,13.6016,-4.7630,-0.8008,9,4.0999,10
2024-05-02T03:15:00,767891700.000000,9.4374,0.6371,-9.6700,13.5270,-4.4867,-0.7746,10,3.7681,10
2024-05-02T03:15:30,767891730.000000,9.6447,0.5321,-9.8487,13.7949,-4.4786,-0.7559,10,3.9530,10
2024-05-02T03:16:00,767891760.000000,9.7364,0.6536,-10.1932,14.1112,-4.6389,-0.7404,10,4.0320,11
2024-05-02T03:16:30,767891790.000000,9.8588,0.9009,-10.3960,14.3556,-4.7232,-0.7321,10,3.5577,11
2024-05-02T03:17:00,767891820.000000,9.9824,1.1406,-10.6384,14.6330,-4.8504,-0.7122,10,3.5336,10
2024-05-02T03:17:30,767891850.000000,10.0822,1.4233,-10.8049,14.8467,-4.9483,-0.6932,10,3.5877,10
2024-05-02T03:18:00,767891880.000000,10.1001,1.5862,-11.5608,15.4331,-5.4971,-0.6425,10,3.6520,10
2024-05-02T03:18:30,767891910.000000,10.2030,1.8765,-11.8614,15.7580,-5.7372,-0.6094,10,3.8347,10
2024-05-02T03:19:00,767891940.000000,10.2879,2.1754,-12.0747,16.0116,-5.9190,-0.5794,10,3.7549,10
2024-05-02T03:19:30,767891970.000000,10.4006,2.4703,-12.3293,16.3184,-6.1449,-0.5437,10,3.6265,10
2024-05-02T03:20:00,767892000.000000,10.4634,2.7552,-12.4455,16.4913,-6.3270,-0.5046,10,3.9094,10
2024-05-02T03:20:30,767892030.000000,10.5862,3.0145,-12.6419,16.7622,-6.5539,-0.4627,10,3.6989,10
2024-05-02T03:21:00,767892060.000000,10.7015,3.2334,-12.7278,16.9403,-6.7197,-0.4218,10,3.4950,10
2024-05-02T03:21:30,767892090.000000,10.9026,3.4037,-12.8928,17.2243,-6.9542,-0.3762,10,3.6995,10
2024-05-02T03:22:00,767892120.000000,11.1788,3.5057,-14.9438,18.9888,-8.4764,-0.2722,9,3.7334,10
2024-05-02T03:22:30,767892150.000000,11.5216,3.2344,-14.6324,18.9027,-8.4341,-0.2370,8,3.6166,10
2024-05-02T03:23:00,767892180.000000,12.0857,1.9369,-14.4499,18.9372,-8.4600,-0.1940,8,3.7517,10
2024-05-02T03:23:30,767892210.000000,11.8157,-4.2262,-14.3835,19.0881,-8.6067,-0.1419,9,4.0927,10
2024-05-02T03:24:00,767892240.000000,-3.0341,-12.4722,-14.4209,19.3060,-8.8339,-0.0888,10,3.4272,10
2024-05-02T03:24:30,767892270.000000,-8.0812,-9.4747,-14.4694,19.0903,-8.6001,0.0066,11,3.5229,11
2024-05-02T03:25:00,767892300.000000,-8.9840,-6.6169,-11.6280,16.1154,-6.6436,0.0996,11,4.4417,12
2024-05-02T03:25:30,767892330.000000,-9.1343,-5.9857,-11.3372,15.7416,-6.6110,0.1838,11,4.5441,13
2024-05-02T03:26:00,767892360.000000,-9.2016,-5.7911,-12.0814,16.2532,-7.2496,0.2504,11,4.0938,13
2024-05-02T03:26:30,767892390.000000,-9.0151,-5.8369,-11.7682,15.9321,-7.2718,0.2913,9,4.4755,13
2024-05-02T03:27:00,767892420.000000,-8.8110,-5.9861,-11.5580,15.7180,-7.3630,0.3369,9,4.2702,12
2024-05-02T03:27:30,767892450.000000,-8.6311,-6.1860,-11.3021,15.5080,-7.4511,0.3843,10,4.1149,11
2024-05-02T03:28:00,767892480.000000,-8.4599,-6.4524,-11.2386,15.4761,-7.6415,0.4329,10,3.8465,11
2024-05-02T03:28:30,767892510.000000,-7.9285,-6.5077,-10.1118,14.4035,-7.3691,0.4682,10,5.4769,12
2024-05-02T03:29:00,767892540.000000,-7.5795,-6.6012,-9.4888,13.8225,-7.3214,0.5125,10,5.3827,12
2024-05-02T03:29:30,767892570.000000,-7.2758,-6.7482,-8.8872,13.3213,-7.2690,0.5566,10,5.2207,12
2024-05-02T03:30:00,767892600.000000,-6.9803,-6.8877,-8.3495,12.8794,-7.2683,0.6002,10,5.0257,12
2024-05-02T03:30:30,767892630.000000,-6.7390,-6.9948,-7.7769,12.4428,-7.2423,0.6440,11,4.9414,12
2024-05-02T03:31:00,767892660.000000,-6.4535,-7.0999,-7.2981,12.0548,-7.2516,0.6873,11,4.8374,12
2024-05-02T03:31:30,767892690.000000,-6.0140,-5.4665,-4.4343,9.2582,-5.1592,0.5694,11,5.2198,11
2024-05-02T03:32:00,767892720.000000,-5.7434,-5.0013,-3.4163,8.3469,-4.5881,0.5553,11,5.0114,11
2024-05-02T03:32:30,767892750.000000,-5.5239,-4.7262,-2.6886,7.7510,-4.2563,0.5591,11,4.9959,11
2024-05-02T03:33:00,767892780.000000,-5.3255,-4.4896,-2.0416,7.2585,-3.9720,0.5637,11,4.9609,11
2024-05-02T03:33:30,767892810.000000,-5.1121,-4.2673,-1.5441,6.8358,-3.7830,0.5690,11,4.8419,11
2024-05-02T03:34:00,767892840.000000,-4.9132,-4.0510,-1.0835,6.4594,-3.5923,0.5728,11,4.7232,11
2024-05-02T03:34:30,767892870.000000,-4.6089,-3.9518,-0.4821,6.0902,-3.2822,0.5787,9,5.2143,11
2024-05-02T03:35:00,767892900.000000,-4.2770,-3.8394,0.1690,5.7500,-2.9353,0.5841,9,5.0831,11
2024-05-02T03:35:30,767892930.000000,-3.8986,-3.4746,0.3852,5.2364,-2.8877,0.5886,8,4.0703,11
2024-05-02T03:36:00,767892960.000000,-3.4936,-3.1144,0.5033,4.7072,-2.8718,0.5905,9,3.8997,11
2024-05-02T03:36:30,767892990.000000,-3.0924,-2.8057,0.5682,4.2139,-2.8554,0.5917,9,3.7745,11
2024-05-02T03:37:00,767893020.000000,-3.7925,-2.1096,-1.6622,4.6472,-4.4994,0.6073,9,4.6896,12
2024-05-02T03:37:30,767893050.000000,-2.8256,-1.3159,-3.3704,4.5908,-5.4608,0.5185,9,4.2999,12
2024-05-02T03:38:00,767893080.000000,-2.7370,-1.0661,-4.1571,5.0901,-5.9770,0.5080,8,2.9906,12
2024-05-02T03:38:30,767893110.000000,-2.5812,-0.6708,-6.0248,6.5887,-7.1076,0.4634,8,4.0517,12
2024-05-02T03:39:00,767893140.000000,-2.0997,-0.7652,-5.2511,5.7069,-6.5746,0.4671,8,4.0059,12
2024-05-02T03:39:30,767893170.000000,-1.7643,-0.7843,-5.1439,5.4943,-6.4626,0.4638,7,2.6694,10
2024-05-02T03:40:00,767893200.000000,-1.4339,-0.7993,-4.9407,5.2063,-6.2971,0.4629,7,2.4222,10
2024-05-02T03:40:30,767893230.000000,-1.0868,-0.8114,-4.7659,4.9551,-6.1544,0.4626,7,2.4551,9
2024-05-02T03:41:00,767893260.000000,-0.8049,-0.8411,-4.6650,4.8081,-6.0869,0.4644,7,2.1401,9
2024-05-02T03:41:30,767893290.000000,-0.0399,-0.8387,-3.6121,3.7085,-5.3072,0.4649,7,4.0636,9
2024-05-02T03:42:00,767893320.000000,0.9848,-0.7561,-2.0805,2.4227,-4.1526,0.4674,7,3.8298,9
2024-05-02T03:42:30,767893350.000000,-0.7328,-1.1994,-6.0006,6.1630,-7.2342,0.5094,8,1.8256,10
2024-05-02T03:43:00,767893380.000000,-0.2960,-1.3182,-5.6014,5.7620,-6.9884,0.5286,9,1.7688,10
2024-05-02T03:43:30,767893410.000000,-0.0657,-1.4961,-5.3428,5.5487,-6.8573,0.5423,8,0.5408,9
2024-05-02T03:44:00,767893440.000000,-0.1859,-2.9303,-6.9752,7.5680,-8.6586,0.6835,9,2.1973,10
2024-05-02T03:44:30,767893470.000000,0.0202,-3.7047,-7.4331,8.3052,-9.3401,0.7433,9,2.0689,9
2024-05-02T03:45:00,767893500.000000,0.3208,-4.4883,-7.8495,9.0478,-10.0052,0.7872,9,1.7503,10
2024-05-02T03:45:30,767893530.000000,2.6116,-4.8543,-12.2070,13.3938,-13.5030,0.8787,10,1.8233,10
2024-05-02T03:46:00,767893560.000000,2.8501,-5.5294,-11.9645,13.4850,-13.5749,0.8683,11,1.4948,10
2024-05-02T03:46:30,767893590.000000,2.9541,-6.1527,-11.5603,13.4247,-13.5581,0.8669,11,1.7950,10
2024-05-02T03:47:00,767893620.000000,2.6101,-6.5430,-10.9332,13.0061,-13.2342,0.8780,9,1.7432,11
2024-05-02T03:47:30,767893650.000000,2.4164,-6.9935,-10.4087,12.7706,-13.0732,0.8880,9,1.6632,11
2024-05-02T03:48:00,767893680.000000,2.2819,-7.4172,-9.9140,12.5901,-12.9819,0.8982,9,1.7315,11
2024-05-02T03:48:30,767893710.000000,2.2028,-7.8434,-9.2713,12.3421,-12.8120,0.9081,8,1.8315,11
2024-05-02T03:49:00,767893740.000000,1.8494,-8.3271,-8.2383,11.8588,-12.3349,0.9206,7,1.9604,11
2024-05-02T03:49:30,767893770.000000,1.2818,-8.9577,-6.7178,11.2699,-11.3949,0.9209,6,2.0861,11
2024-05-02T03:50:00,767893800.000000,0.6789,-9.4812,-5.1365,10.8046,-10.4286,0.9205,6,1.7844,11
2024-05-02T03:50:30,767893830.000000,0.0599,-9.9383,-3.4502,10.5203,-9.4131,0.9206,7,1.9191,11
2024-05-02T03:51:00,767893860.000000,-0.4880,-10.2340,-1.7705,10.3975,-8.4333,0.9205,7,1.7947,11
2024-05-02T03:51:30,767893890.000000,-1.4795,-10.1824,0.9033,10.3289,-6.6261,0.9253,7,1.6493,12
2024-05-02T03:52:00,767893920.000000,-1.9511,-10.1655,2.6200,10.6774,-5.6640,0.9255,7,1.5960,10
2024-05-02T03:52:30,767893950.000000,-2.2131,-10.0494,3.9358,11.0172,-5.0498,0.9235,7,1.3170,10
2024-05-02T03:53:00,767893980.000000,-2.4227,-9.8566,5.0740,11.3476,-4.5794,0.9185,8,1.2064,10
2024-05-02T03:53:30,767894010.000000,-2.6304,-9.6219,6.1024,11.6936,-4.1929,0.9119,9,1.1503,9
2024-05-02T03:54:00,767894040.000000,-2.3667,-9.3200,6.1261,11.4015,-4.3755,0.8379,10,1.3128,9
2024-05-02T03:54:30,767894070.000000,-1.8211,-7.8743,8.6279,11.8221,-2.9263,0.8759,9,3.6490,9
2024-05-02T03:55:00,767894100.000000,-1.7101,-7.0636,9.9148,12.2932,-2.2854,0.8831,10,3.3338,9
2024-05-02T03:55:30,767894130.000000,-1.8496,-6.0719,11.5208,13.1536,-1.3762,0.8848,10,3.1958,10
2024-05-02T03:56:00,767894160.000000,-1.8117,-5.2348,12.5131,13.6844,-0.8880,0.8854,10,2.9406,10
2024-05-02T03:56:30,767894190.000000,-1.7638,-4.4150,13.2518,14.0788,-0.5481,0.8845,10,2.9163,10
2024-05-02T03:57:00,767894220.000000,-1.5797,-3.6097,14.3210,14.8531,0.0731,0.8804,9,2.9444,10
2024-05-02T03:57:30,767894250.000000,-1.3903,-2.7270,15.2409,15.5452,0.6368,0.8740,9,2.7389,10
2024-05-02T03:58:00,767894280.000000,-1.1873,-1.7905,16.1132,16.2558,1.1851,0.8684,9,2.5798,10
2024-05-02T03:58:30,767894310.000000,-0.9950,-0.8280,16.8727,16.9222,1.6943,0.8698,9,2.5633,10
2024-05-02T03:59:00,767894340.000000,-0.7849,0.1675,17.5169,17.5353,2.1441,0.8803,9,2.4773,10
2024-05-02T03:59:30,767894370.000000,-0.5652,1.2120,18.0371,18.0866,2.5253,0.8921,9,2.2997,10
2024-05-02T04:00:00,767894400.000000,-0.3669,2.3204,18.6365,18.7839,3.0553,0.8854,8,2.4377,10
