time,gps_sod,dE_m,dN_m,dU_m,d3_m,dX_m,dY_m,dZ_m,X_est,Y_est,Z_est,X_ref,Y_ref,Z_ref,clock,trop_wet,n_sat
2024-04-29T00:00:02,767620820.000000,-73.5309,3255.0170,-7697.6545,8357.8961,1377.0300,3346.6023,-7533.8216,-129863.0885,-298053.0818,6841258.4696,-131240.1184,-301399.6841,6848792.2913,-190512.110406,2820.266036,9
2024-04-29T00:00:32,767620850.000000,95.7860,-392.4032,-26062.6538,26065.7837,516.4419,1596.1216,-26011.7428,-137862.7621,-527517.1577,6808767.7409,-138379.2039,-529113.2792,6834779.4837,-605054.926223,4292.058903,10
2024-04-29T00:01:02,767620880.000000,-983.4274,-1920.3530,-25832.3327,25922.2742,-780.0951,1144.8630,-25885.2282,-147140.7866,-755065.9066,6787296.7569,-146360.6915,-756210.7696,6813181.9851,-937057.938058,3476.075403,11
2024-04-29T00:01:32,767620910.000000,-1451.5244,-2188.3287,-23064.3982,23213.4049,-1252.7864,1372.1884,-23138.9238,-156425.3087,-981066.0100,6760884.3798,-155172.5224,-982438.1984,6784023.3035,-1180762.584274,3373.632304,11
2024-04-29T00:02:02,767620940.000000,-1898.1134,-2245.6249,-19449.9767,19670.9750,-1714.8820,1471.5166,-19540.7543,-166515.4952,-1206071.0675,6727794.5071,-164800.6132,-1207542.5841,6747335.2614,-1319040.881620,2984.875102,11
2024-04-29T00:02:32,767620970.000000,-2339.1520,-3533.6705,-38959.1948,39188.9949,-1751.9914,4938.5942,-38837.0716,-176980.8669,-1426333.6080,6664320.8918,-175228.8755,-1431272.2022,6703157.9634,-1896216.101087,10017.949539,11
2024-04-29T00:03:02,767621000.000000,-2818.4870,-2977.3611,-35598.3232,35833.6317,-2162.1869,5978.5959,-35265.1457,-188601.4241,-1647398.2679,6616274.6083,-186439.2371,-1653376.8638,6651539.7540,-2382407.496061,9691.081229,10
2024-04-29T00:03:32,767621030.000000,-3261.7235,-2309.1573,-31727.5505,31978.2505,-2564.6597,6754.6212,-31151.3422,-200976.3307,-1866853.5690,6561385.8256,-198411.6711,-1873608.1901,6592537.1678,-2763356.030064,9047.794206,10
2024-04-29T00:04:02,767621060.000000,-3663.8431,-1631.4701,-27508.8655,27799.6965,-2959.0780,7166.9154,-26696.4849,-214083.3056,-2084552.9727,6499518.3916,-211124.2276,-2091719.8881,6526214.8765,-3027810.585622,8133.858412,10
2024-04-29T00:04:32,767621090.000000,-4018.7242,-1041.3849,-23005.9991,23377.5666,-3345.5148,7112.8638,-22016.4784,-227898.5826,-2300355.1647,6430629.1476,-224553.0679,-2307468.0285,6452645.6260,-3166136.729874,6985.613275,10
2024-04-29T00:05:02,767621120.000000,-1595.0021,-6020.6047,20451.5767,21378.9313,-2823.8636,-12902.6145,16810.9202,-241496.3623,-2533513.9370,6388721.0801,-238672.4987,-2520611.3225,6371910.1599,-2079729.023259,-11118.786905,10
2024-04-29T00:05:32,767621150.000000,-1646.5258,-7373.7998,24849.2433,25972.4636,-3178.4046,-16429.3505,19863.1077,-256633.4143,-2747340.7400,6303960.2394,-253455.0097,-2730911.3895,6284097.1317,-862477.438572,-12352.468842,10
2024-04-29T00:06:02,767621180.000000,-1954.3762,-7994.2332,24994.0316,26314.0451,-3579.7581,-17672.3760,19165.1096,-272451.0736,-2955805.3937,6208468.1235,-268871.3155,-2938133.0178,6189303.0138,358543.480300,-11631.812136,10
2024-04-29T00:06:32,767621210.000000,-4468.2441,7282.4278,6708.7512,10863.0706,-4142.7487,3792.0290,9298.6263,-289033.1515,-3138252.3977,6096930.6310,-284890.4028,-3142044.4267,6087632.0047,889939.195783,1860.405329,11
2024-04-29T00:07:02,767621240.000000,-4152.3175,7156.1143,17485.6110,19344.2060,-4339.2879,-1886.0007,18756.6492,-305818.8680,-3344303.5313,5997952.5705,-301479.5801,-3342417.5306,5979195.9213,1697949.561084,-1266.928480,11
2024-04-29T00:07:32,767621270.000000,-3653.0674,6657.3892,29083.5534,30058.5896,-4472.2351,-8935.1321,28349.2740,-323076.7643,-3547963.3256,5892463.3550,-318604.5292,-3539028.1935,5864114.0810,2804227.110000,-4796.167562,11
2024-04-29T00:08:02,767621300.000000,-3309.3268,6167.7746,37582.2075,38228.4633,-4666.4107,-14912.8690,34889.0578,-340895.7690,-3746569.3452,5777402.2375,-336229.3583,-3731656.4763,5742513.1797,4124222.885263,-7183.615177,9
2024-04-29T00:08:32,767621330.000000,-3320.4911,6203.5264,40998.6572,41598.0684,-4958.5205,-17973.0655,37185.7673,-359275.1793,-3938059.9488,5651712.9362,-354316.6588,-3920086.8833,5614527.1689,5520661.992787,-7737.036907,9
2024-04-29T00:09:02,767621360.000000,-3572.5815,6728.5143,41203.0219,41901.3754,-5301.7233,-18872.5606,37033.0048,-378129.2881,-4122981.1713,5517330.1296,-372827.5648,-4104108.6106,5480297.1247,6906818.680008,-7214.099924,9
2024-04-29T00:09:32,767621390.000000,-4006.7244,7620.1335,39318.7787,40250.2998,-5686.0239,-18180.4789,35457.3822,-397407.8420,-4301696.2700,5375428.4881,-391721.8181,-4283515.7911,5339971.1059,8226584.327457,-6066.714858,9
2024-04-29T00:10:02,767621420.000000,-4286.9774,8456.0025,38330.5758,39485.6327,-5968.4303,-18043.3790,34611.1182,-416926.2666,-4476151.1136,5228315.1198,-410957.8363,-4458107.7345,5193704.0016,9503694.206126,-5459.430170,9
2024-04-29T00:10:32,767621450.000000,-4855.6365,9426.8904,30817.5370,32590.8585,-6119.1529,-13357.1211,29091.3620,-436611.9350,-4641046.2845,5070748.7344,-430492.7821,-4627689.1634,5041657.3724,10548676.414542,-1849.764309,8
2024-04-29T00:11:02,767621480.000000,-5313.0212,10404.4133,29564.4525,31788.9425,-6529.5598,-12697.7741,28401.9057,-456812.1950,-4804768.2195,4912401.1861,-450282.6352,-4792070.4454,4883999.2804,11546279.622795,-1664.742216,8
2024-04-29T00:11:32,767621510.000000,-4088.7241,13308.3271,-44434.0721,46564.1063,-162.8145,41525.1926,-21067.6974,-470445.0819,-4909542.6267,4699836.4113,-470282.2674,-4951067.8193,4720904.1087,10316986.474890,37322.871439,7
2024-04-29T00:12:02,767621540.000000,-4901.6488,13578.7823,-22570.3797,26792.3781,-2404.1495,26228.6379,-4910.2086,-492849.6686,-5078274.9751,4547642.1627,-490445.5191,-5104503.6130,4552552.3713,9744213.391783,24249.699825,7
2024-04-29T00:12:32,767621570.000000,-5867.8553,13516.1870,-7253.7145,16423.6236,-4462.9698,14732.2125,5725.3145,-515188.2476,-5237474.2399,4384855.8307,-510725.2778,-5252206.4524,4379130.5162,9618094.189927,14914.436497,6
2024-04-29T00:13:02,767621600.000000,-8387.3469,12005.7084,32873.8555,35988.5398,-10163.4925,-17628.0702,29683.8265,-541237.0489,-5411639.5324,4230514.5466,-531073.5564,-5394011.4622,4200830.7201,10632003.374272,-6238.691889,7
2024-04-29T00:13:32,767621630.000000,-9286.3625,11998.9703,32231.1627,35623.8637,-11126.3325,-17989.0162,28664.6069,-562567.9084,-5547749.4728,4046515.2856,-551441.5759,-5529760.4566,4017850.6787,11584690.489304,-6448.092980,7
2024-04-29T00:14:02,767621660.000000,-10242.9648,11837.3157,31790.3659,35435.4023,-12169.0649,-18547.8217,27632.5877,-583948.9168,-5677849.9458,3858025.9826,-571779.8520,-5659302.1240,3830393.3949,12470532.481116,-6621.278619,7
2024-04-29T00:14:32,767621690.000000,-9789.2306,9215.2748,46814.4836,48706.7367,-13272.5461,-33522.0348,32748.4183,-605310.8293,-5816014.2445,3671415.3782,-592038.2832,-5782492.2097,3638666.9600,13709308.397235,-13959.329595,8
2024-04-29T00:15:02,767621720.000000,-10146.5558,7936.8749,41582.2113,43531.9064,-13385.1888,-30684.3208,27826.8944,-625551.4280,-5929878.0124,3470711.2207,-612166.2392,-5899193.6915,3442884.3263,14773491.133563,-13195.110430,8
2024-04-29T00:15:32,767621750.000000,-8688.6112,7268.3053,23482.1566,26071.6686,-10441.0089,-16203.7231,17554.3896,-642553.6591,-6025480.6705,3260817.4595,-632112.6501,-6009276.9474,3243263.0699,15520282.157590,-8454.932533,8
2024-04-29T00:16:02,767621780.000000,-6587.2586,5724.3829,-8872.5310,12445.1734,-5437.4289,11132.9688,1172.0559,-657263.5252,-6101486.9427,3041197.2021,-651826.0964,-6112619.9115,3040025.1462,15611389.864720,286.972534,8
2024-04-29T00:16:32,767621810.000000,-4408.6104,3899.2479,-39047.1541,39488.2289,-391.1956,37398.7007,-12669.0322,-671646.0943,-6171709.5184,2820727.6060,-671254.8987,-6209108.2191,2833396.6382,15092896.574522,8330.456344,8
2024-04-29T00:17:02,767621840.000000,-2815.7208,2542.2303,-52374.8742,52512.0811,2574.9103,49337.2402,-17796.7760,-687772.2957,-6249298.0990,2605810.7271,-690347.2061,-6298635.3392,2623607.5031,14352319.046615,11608.543290,8
2024-04-29T00:17:32,767621870.000000,-1797.9839,1690.4578,-52233.2913,52291.5587,3675.1503,49355.0385,-16881.3673,-705375.9346,-6331747.6592,2394009.9504,-709051.0849,-6381102.6977,2410891.3177,13695790.790667,11173.885550,8
2024-04-29T00:18:02,767621900.000000,-1092.3308,1088.2575,-46466.5975,46492.1732,3878.4035,44186.8677,-13928.4199,-723436.2088,-6412232.9288,2181556.6060,-727314.6123,-6456419.7965,2195485.0259,13244736.969356,9275.755970,8
2024-04-29T00:18:32,767621930.000000,-889.2501,-925.2312,-57827.2573,57841.4946,5365.1871,54818.9246,-17656.1256,-739720.7861,-6469685.4096,1959972.5533,-745085.9732,-6524504.3342,1977628.6789,12553560.524421,13506.524568,8
2024-04-29T00:19:02,767621960.000000,-447.3594,-1123.1058,-47140.7982,47156.2971,4759.9597,45009.4830,-13236.5243,-757553.5996,-6540272.8388,1744328.6350,-762313.5593,-6585282.3218,1757565.1593,12166874.118220,10291.112411,8
2024-04-29T00:19:32,767621990.000000,-895.2266,-2097.4355,-34510.3384,34585.6058,2974.1512,33029.7109,-9816.1473,-775971.9187,-6605658.4648,1525723.7426,-778946.0700,-6638688.1757,1535539.8899,12149811.366348,5504.341881,9
2024-04-29T00:20:02,767622020.000000,-722.5213,-3830.0196,-29875.3732,30128.5415,2657.4639,28465.4301,-9507.1650,-792275.1438,-6656199.3560,1302293.3824,-794932.6076,-6684664.7861,1311800.5474,12289502.471940,3536.917964,8
2024-04-29T00:20:32,767622050.000000,-705.1170,-4782.7665,-26552.0798,26988.6084,2344.9761,25351.7628,-8954.0045,-807877.7953,-6697811.8189,1077642.7767,-810222.7714,-6723163.5816,1086596.7813,12525986.898926,2809.288192,8
2024-04-29T00:21:02,767622080.000000,1131.5575,-4094.1004,-9144.7688,10083.0986,2160.1881,8354.7841,-5215.3664,-822606.5627,-6745789.8036,854964.5619,-824766.7508,-6754144.5877,860179.9283,13240969.016374,-3701.533939,8
2024-04-29T00:21:32,767622110.000000,-214.1768,-6245.7663,-13613.4903,14979.4054,1380.5340,12902.9728,-7482.6469,-837134.8857,-6764673.5013,625320.0747,-838515.4198,-6777576.4741,632802.7217,13822443.309973,-1253.126446,8
2024-04-29T00:22:02,767622140.000000,-1534.3923,-7857.3161,-16882.5493,18684.5457,515.2581,16449.8255,-8845.9029,-850905.1705,-6776986.7647,395873.0954,-851420.4287,-6793436.5902,404718.9983,14288399.582252,926.218191,7
2024-04-29T00:22:32,767622170.000000,-2550.8129,-8890.3427,-17528.2075,19818.7512,-352.8021,17476.1061,-9340.4574,-863787.0986,-6784234.8827,166842.9479,-863434.2965,-6801710.9888,176183.4052,14701685.250036,2100.670754,7
2024-04-29T00:23:02,767622200.000000,-3252.2538,-9580.8427,-15740.8190,18712.1106,-1209.2385,16099.8249,-9459.1998,-875719.7404,-6786294.6140,-62008.0947,-874510.5019,-6802394.4389,-52548.8949,15122995.534003,2260.753178,7
2024-04-29T00:23:32,767622230.000000,-3693.6450,-10188.8806,-11926.9086,16115.4414,-2070.1902,12710.7172,-9688.1078,-886673.7642,-6782779.7099,-290910.6269,-884603.5740,-6795490.4271,-281222.5192,15601910.137584,1576.771576,7
2024-04-29T00:24:02,767622260.000000,-4657.1640,-4068.3836,-8126.1163,10211.4978,-3518.7097,8943.9617,-3449.4809,-897187.8889,-6772067.1863,-513031.6407,-893669.1792,-6781011.1479,-509582.1598,16094762.531674,3082.620988,8
2024-04-29T00:24:32,767622290.000000,-5428.1125,-3512.2526,-6599.8674,9238.9704,-4462.6216,7597.8946,-2777.6932,-906126.8302,-6751379.5882,-740150.5722,-901664.2086,-6758977.4829,-737372.8790,16576029.239774,3205.041534,8
2024-04-29T00:25:02,767622320.000000,-6134.3103,-2799.2965,-4804.9613,8279.7027,-5389.7453,5927.0690,-2091.4050,-913936.6075,-6723491.8991,-966431.8070,-908546.8622,-6729418.9681,-964340.4020,17049201.357386,3150.262575,8
2024-04-29T00:25:32,767622350.000000,-6731.7287,-2042.4718,-2416.1269,7438.1135,-6299.4894,3621.6304,-1589.2635,-920576.2222,-6688752.1222,-1191820.6727,-914276.7328,-6692373.7526,-1190231.4093,17525406.487355,2832.369920,8
2024-04-29T00:26:02,767622380.000000,-7181.0201,-1349.5782,871.0384,7358.4726,-7191.7147,416.5238,-1500.9552,-926006.6038,-6647472.0220,-1416294.7821,-918814.8890,-6647888.5458,-1414793.8270,18021149.269123,2226.826025,8
2024-04-29T00:26:32,767622410.000000,-16722.5749,17469.2613,-86216.0131,89543.4002,-5555.0473,81045.3752,37667.0829,-927679.0030,-6514973.1797,-1600110.0327,-922123.9557,-6596018.5549,-1637777.1156,16365935.407591,28015.187858,8
2024-04-29T00:27:02,767622440.000000,-15843.7068,16034.8721,-72633.7113,76051.2734,-6516.9800,67084.2532,35228.2291,-930685.1722,-6469743.1602,-1823704.3292,-924168.1921,-6536827.4134,-1858932.5583,15045034.530037,21797.934911,7
2024-04-29T00:27:32,767622470.000000,-13782.0404,12119.3695,-47183.5382,50627.1670,-7806.6065,42782.2042,25920.0682,-932720.1749,-6427604.8935,-2052093.4791,-924913.5683,-6470387.0977,-2078013.5473,14284778.044868,13853.180279,7
2024-04-29T00:28:02,767622500.000000,-14254.8224,11479.2113,-43181.2740,46899.8367,-8845.1392,38462.1023,25338.2099,-933172.9764,-6358315.7292,-2269437.6591,-924327.8372,-6396777.8314,-2294775.8690,13533040.031165,13547.586369,7
2024-04-29T00:28:32,767622530.000000,-12690.8107,9864.8847,-26825.1470,31272.3702,-9477.2976,22926.6068,19039.7655,-931857.9031,-6293161.3719,-2489938.2167,-922380.6055,-6316087.9787,-2508977.9822,13075353.125140,9550.189168,6
2024-04-29T00:29:02,767622560.000000,-11147.0745,9052.3134,-4506.8196,15050.3512,-10951.2418,2145.1542,10098.5984,-929994.6440,-6226268.7740,-2710282.6939,-919043.4022,-6228413.9282,-2720381.2923,13051454.823041,2426.905882,5
2024-04-29T00:29:32,767622590.000000,-9237.7115,9365.2818,2716.9121,13432.2533,-10091.1599,-5040.9959,7292.6182,-924380.9043,-6138900.9660,-2921457.8035,-914289.7444,-6133859.9701,-2928750.4218,13041642.859213,3710.563491,5
2024-04-29T00:30:02,767622620.000000,-2825.0041,9534.3516,-159051.5276,159362.0813,17586.7180,135807.8947,81505.8036,-890508.4822,-5896730.2676,-3052347.6749,-908095.2003,-6032538.1623,-3133853.4785,8018392.045922,94475.264813,6
2024-04-29T00:30:32,767622650.000000,-3461.5689,9100.4639,-92837.8541,93347.0302,8080.2592,76202.8017,53305.8203,-892357.1889,-5848365.3848,-3282156.4997,-900437.4481,-5924568.1865,-3335462.3200,5041602.486195,61023.460721,5
2024-04-29T00:31:02,767622680.000000,-3075.7437,9265.9043,-66067.5178,66784.9840,4804.4558,51603.0587,42122.1513,-886491.8765,-5758474.1323,-3491230.6601,-891296.3323,-5810077.1910,-3533352.8115,2888326.687729,48805.209052,5
2024-04-29T00:31:32,767622710.000000,-2289.1358,9866.2208,-50020.5430,51035.6461,3325.1226,36445.3505,35571.2969,-877328.7924,-5652754.2751,-3691733.7777,-880653.9150,-5689199.6256,-3727305.0746,1234450.566448,42357.164246,5
2024-04-29T00:32:02,767622740.000000,-1246.8593,10877.6463,-38337.9152,39870.7109,2650.5987,25057.1496,30899.6306,-865843.9270,-5537019.9203,-3886204.0986,-868494.5257,-5562077.0699,-3917103.7292,-55469.608897,38219.296657,5
2024-04-29T00:32:32,767622770.000000,-7.0012,12297.8667,-28831.0713,31344.3495,2429.7493,15476.3298,27148.6239,-852375.0573,-5413381.7265,-4075389.5039,-854804.8066,-5428858.0563,-4102538.1278,-1050474.414832,35180.074047,5
2024-04-29T00:33:02,767622800.000000,1398.2520,14125.8414,-20565.0655,24988.3257,2504.1489,6857.3809,23898.1587,-837069.6069,-5282840.5061,-4259504.4291,-839573.7558,-5289697.8870,-4283402.5878,-1790412.048954,32706.819479,5
2024-04-29T00:33:32,767622830.000000,2945.2356,16355.9230,-13103.6452,21163.5571,2790.6029,-1200.9138,20944.3665,-820002.1649,-5145959.3551,-4438552.2508,-822792.7679,-5144758.4413,-4459496.6173,-2300750.282986,30535.985060,5
2024-04-29T00:34:02,767622860.000000,4614.2654,18977.7945,-6216.5516,20496.1860,3237.9713,-8913.5334,18170.2533,-801217.6985,-5003121.5087,-4612454.8810,-804455.6699,-4994207.9753,-4630625.1343,-2598907.648399,28522.876070,5
2024-04-29T00:34:32,767622890.000000,6385.2375,21975.0077,210.5637,22884.8543,3810.8526,-16390.0807,15509.9714,-780747.9009,-4854610.9950,-4781088.7051,-784558.7535,-4838220.9143,-4796598.6765,-2697686.230790,26584.916602,5
2024-04-29T00:35:02,767622920.000000,-557.7252,12882.2336,55097.3785,56586.0770,-8165.2939,-46580.9182,-31072.9811,-771266.0978,-4723558.5598,-4988306.5868,-763100.8039,-4676977.6416,-4957233.6057,-872467.143324,-12170.048896,6
2024-04-29T00:35:32,767622950.000000,-903.7194,10879.0878,53502.6062,54604.9460,-7962.3808,-42947.5375,-32769.0348,-748045.5051,-4553611.8180,-5145121.3412,-740083.1242,-4510664.2805,-5112352.3064,978172.437994,-13167.765170,7
2024-04-29T00:36:02,767622980.000000,-1442.0914,7872.8915,49164.2766,49811.5262,-7518.8533,-36736.6791,-32788.2814,-723028.4100,-4376209.1465,-5294571.6578,-715509.5568,-4339472.4673,-5261783.3764,2773093.451621,-13197.157687,7
2024-04-29T00:36:32,767623010.000000,-7043.6555,-7168.9832,-626.5206,10069.7533,-5961.0920,7117.4028,-3899.7297,-695347.5923,-4156481.7178,-5409261.5375,-689386.5004,-4163599.1205,-5405361.8078,3390282.689993,-1103.607921,8
2024-04-29T00:37:02,767623040.000000,-1551.8093,1009.6630,31593.1697,31647.3680,-4700.9693,-18828.3720,-24998.9839,-666423.8929,-4002074.5773,-5567928.1442,-661722.9236,-3983246.2053,-5542929.1603,4778580.853082,-8840.477542,7
2024-04-29T00:37:32,767623070.000000,-2058.1407,-2256.1706,26900.9438,27073.7332,-4193.6197,-12654.2967,-23564.1540,-636723.9944,-3811274.7912,-5697897.8810,-632530.3748,-3798620.4944,-5674333.7270,6046852.767243,-7816.980389,7
2024-04-29T00:38:02,767623100.000000,-2464.0091,-5121.7962,23278.0294,23961.8611,-3750.6931,-7513.9729,-22441.9986,-605573.6810,-3617447.2974,-5821872.6929,-601822.9878,-3609933.3246,-5799430.6943,7205038.770254,-6797.381898,7
2024-04-29T00:38:32,767623130.000000,-5937.2902,-11257.0235,8768.0809,15454.8127,-4981.6574,6224.7142,-13239.6094,-574599.1418,-3411175.6325,-5931321.9023,-569617.4844,-3417400.3467,-5918082.2929,7944073.969515,-2247.173703,9
2024-04-29T00:39:02,767623160.000000,-5954.8183,-12076.3886,13666.6548,19185.3193,-5191.7331,5078.5291,-17757.5597,-541124.9067,-3216162.7430,-6047915.4999,-535933.1736,-3221241.2721,-6030157.9402,8754559.464130,-3089.728548,9
2024-04-29T00:39:32,767623190.000000,-6026.7729,-12904.7077,18407.1243,23273.9274,-5393.0672,4319.6891,-22224.5542,-506185.0139,-3017359.9250,-6157758.9270,-500791.9468,-3021679.6142,-6135534.3728,9623400.890619,-3763.635035,9
2024-04-29T00:40:02,767623220.000000,360.8692,-7830.3354,72119.8008,72544.5384,-3343.0223,-22521.2127,-68879.0913,-467561.2918,-2841463.6431,-6302974.8609,-464218.2695,-2818942.4304,-6234095.7696,11908040.515561,-23710.039211,8
2024-04-29T00:40:32,767623250.000000,-1465.4606,-11692.1490,72050.4232,73007.6531,-4163.2051,-16421.0656,-71015.0247,-430402.3739,-2629681.1266,-6396748.8935,-426239.1688,-2613260.0611,-6325733.8687,14073414.508235,-21869.334254,8
2024-04-29T00:41:02,767623280.000000,-4233.6672,-10289.1513,31334.4010,33251.0941,-4409.2393,-752.9815,-32948.8525,-391293.4563,-2405618.8463,-6443296.9284,-386884.2170,-2404865.8648,-6410348.0759,15094589.271131,-5663.494160,8
2024-04-29T00:41:32,767623310.000000,-5434.3367,-11625.1062,42367.8736,44268.6325,-5779.5430,-1761.6900,-43854.3631,-351965.0545,-2195757.6417,-6531699.9246,-346185.5115,-2193995.9517,-6487845.5616,16272202.945904,-7352.071193,8
2024-04-29T00:42:02,767623340.000000,-7348.2235,-15651.3570,28288.5524,33154.2390,-6237.7380,7792.6837,-31615.9496,-310415.3914,-1973096.2371,-6589757.3004,-304177.6534,-1980888.9208,-6558141.3508,16893258.919040,1923.483340,9
2024-04-29T00:42:32,767623370.000000,-6913.1242,-13095.3845,27599.5343,31321.1538,-6033.9498,6458.3087,-30048.2341,-266931.6714,-1759327.2877,-6651206.6479,-260897.7216,-1765785.5964,-6621158.4138,17454719.008724,1899.368777,9
2024-04-29T00:43:02,767623400.000000,-6425.3991,-10450.8738,24632.1369,27518.1519,-5727.9834,5438.8865,-26360.1480,-222113.2246,-1543489.8671,-6703187.8985,-216385.2413,-1548928.7536,-6676827.7505,17910239.227377,2335.653813,8
2024-04-29T00:43:32,767623430.000000,-5855.9784,-7529.1153,14526.3356,17377.9885,-5228.0925,5268.7864,-15713.0972,-175910.2405,-1325294.0527,-6740801.5547,-170682.1480,-1330562.8391,-6725088.4575,18105992.323542,4600.520365,8
2024-04-29T00:44:02,767623460.000000,-5148.3327,-3092.8427,-25928.8031,26615.2933,-4313.1573,7778.6109,25085.1295,-128145.9057,-1103155.0845,-6740802.6548,-123832.7484,-1110933.6953,-6765887.7844,17387147.786636,14932.490541,8
2024-04-29T00:44:32,767623490.000000,-4417.7387,11889.0712,-262655.3536,262961.4063,-2514.2908,22519.7096,261983.2862,-78397.9681,-867768.5764,-6537197.8971,-75883.6774,-890288.2860,-6799181.1832,11584847.725180,75799.966108,8
2024-04-29T00:45:02,767623520.000000,-6189.0512,27999.2574,-557452.7459,558189.7765,-5131.2953,26441.4578,557539.5464,-32015.1475,-642432.9633,-6267392.8035,-26883.8522,-668874.4211,-6824932.3499,-351545.328989,143482.996151,8
2024-04-29T00:45:32,767623550.000000,-3715.6190,-2324.4132,37469.5321,37724.9858,-3704.9450,-302.4035,-37541.3970,19410.6331,-447242.8883,-6880654.6519,23115.5781,-446940.4848,-6843113.2549,356096.515379,-5206.181459,9
2024-04-29T00:46:02,767623580.000000,-3473.0553,-1197.1732,8543.8622,9300.1569,-3581.3414,-228.9353,-8579.8893,70479.9431,-224964.1014,-6862284.0598,74061.2846,-224735.1661,-6853704.1706,560673.106387,297.217654,9
2024-04-29T00:46:32,767623610.000000,-1759.7346,-3614.0799,-26926.6453,27225.0338,-4139.0560,-1677.6565,26856.2125,121758.7599,-4184.8405,-6829837.4807,125897.8159,-2507.1840,-6856693.6932,145250.535795,6915.936116,9
2024-04-29T00:47:02,767623640.000000,1098.2304,-4155.2900,-33959.4906,34230.3892,-4350.7874,-3607.7331,33760.5458,174216.8715,215887.2588,-6818318.2026,178567.6589,219494.9919,-6852078.7485,-339688.413661,7758.819332,9
2024-04-29T00:47:32,767623670.000000,1526.5265,-5025.3357,-27230.7204,27732.5877,-4600.1166,-5465.4583,26796.7183,227411.1819,435557.9523,-6813067.8660,232011.2985,441023.4107,-6839864.5843,-649379.544037,6425.758968,10
2024-04-29T00:48:02,767623700.000000,1673.7428,-5178.4159,-32245.9303,32701.9484,-4917.4871,-7155.5844,31528.2946,281249.7912,654675.3188,-6788536.4729,286167.2783,661830.9032,-6820064.7675,-1051309.028093,8591.982605,9
2024-04-29T00:48:32,767623730.000000,1688.9233,-5531.2889,-39068.7631,39494.5043,-5482.1300,-9493.1030,37942.6293,335490.1382,872178.2460,-6754758.5485,340972.2682,881671.3490,-6792701.1778,-1593829.413866,11407.968604,9
2024-04-29T00:49:02,767623760.000000,1678.1476,-6113.1086,-47868.0767,48286.0130,-6370.4275,-12732.7431,46139.2886,389990.7106,1087567.2016,-6711664.7056,396361.1380,1100299.9447,-6757803.9942,-2331110.329759,14970.379935,9
2024-04-29T00:49:32,767623790.000000,1674.0171,-7022.3499,-58800.0835,59241.5863,-7670.8448,-17189.6879,56171.5081,444596.1919,1300283.7898,-6659240.1660,452267.0367,1317473.4777,-6715411.6740,-3321935.689813,19335.613599,9
2024-04-29T00:50:02,767623820.000000,1681.0962,-8398.5079,-71946.6567,72454.6923,-9471.0872,-23206.8965,67981.0333,499150.3889,1509743.7073,-6597589.8827,508621.4760,1532950.6039,-6665570.9160,-4626210.790734,24473.762716,9
2024-04-29T00:50:32,767623850.000000,1681.0054,-10381.4006,-86750.2721,87385.4048,-11790.8360,-30965.9744,80859.7155,553563.5777,1715526.1449,-6527476.8859,565354.4137,1746492.1193,-6608336.6014,-6287082.722384,30056.161185,9
2024-04-29T00:51:02,767623880.000000,1612.7323,-12971.9283,-100388.0619,101235.5412,-14346.7305,-39807.0718,91968.4900,608047.6055,1918054.1455,-6451803.2388,622394.3361,1957861.2173,-6543771.7288,-8272687.606749,34888.822982,9
2024-04-29T00:51:32,767623910.000000,1349.3767,-15658.2364,-105245.9176,106412.8957,-16084.1425,-46768.6579,94221.5334,663584.2030,2120055.0816,-6377725.8182,679668.3455,2166823.7395,-6471947.3516,-10357204.882127,36136.912271,9
2024-04-29T00:52:02,767623940.000000,769.8120,-17132.0370,-91283.1579,92880.1067,-15232.3836,-46446.3856,78977.3510,721869.8677,2326702.0461,-6313965.1622,737102.2513,2373148.4317,-6392942.5132,-12068268.757170,30499.197418,9
2024-04-29T00:52:32,767623970.000000,-1036.7619,-9261.5615,14538.8662,17269.3378,154.1236,-3018.2468,-17002.8368,794774.7856,2573588.9577,-6323847.0088,794620.6619,2576607.2045,-6306844.1720,-11158307.880205,-5779.922248,10
2024-04-29T00:53:02,767624000.000000,-1287.3492,-8276.3875,16365.4330,18384.3209,1051.5375,-961.5389,-18329.0198,853198.6184,2776013.8528,-6232076.1302,852147.0809,2776975.3917,-6213747.1104,-10188745.882683,-6511.118652,10
2024-04-29T00:53:32,767624030.000000,-1443.5614,-7596.6214,11181.7432,13594.9956,873.0544,-2081.1451,-13406.3611,910477.0599,2971950.8543,-6127160.1941,909604.0054,2974031.9994,-6113753.8331,-9328489.163187,-5186.588015,10
2024-04-29T00:54:02,767624060.000000,-1566.4749,-7374.7448,2256.2425,7869.6464,-73.4921,-5606.2148,-5522.3445,966839.5344,3161953.7306,-6012496.8040,966913.0265,3167559.9454,-6006974.4595,-8669326.686951,-2891.054437,10
2024-04-29T00:54:32,767624090.000000,-2498.2489,-5210.6492,16522.4608,17503.8231,3536.5399,3031.7046,-16872.6251,1027531.4716,3360377.9997,-5910399.2388,1023994.9317,3357346.2950,-5893526.6137,-7707996.041265,-6155.490276,9
2024-04-29T00:55:02,767624120.000000,-2424.0649,-5729.0903,146.4352,6222.5405,932.1919,-5252.4205,-3203.6084,1081702.0034,3537930.0770,-5776738.9156,1080769.8115,3543182.4975,-5773535.3072,-7130610.636974,-1926.162685,9
2024-04-29T00:55:32,767624150.000000,-2508.5788,-5501.7271,-6512.6246,8886.8582,-0.8455,-8594.2445,2261.6825,1137156.3218,3716270.3748,-5644871.1292,1137157.1673,3724864.6193,-5647132.8118,-6719798.669972,-383.699153,8
2024-04-29T00:56:02,767624180.000000,-2545.8999,-4865.7174,-6799.0985,8739.8256,110.8015,-8344.9803,2594.9139,1193186.8212,3893848.5931,-5511863.6097,1193076.0198,3902193.5734,-5514458.5236,-6330436.251240,-846.347827,8
2024-04-29T00:56:32,767624210.000000,-2750.5248,-4183.5188,-9826.9472,11028.8761,-114.2330,-9762.5748,5129.8334,1248330.7870,4065212.7668,-5370528.9863,1248445.0200,4074975.3416,-5375658.8197,-6040814.517063,-184.820609,8
2024-04-29T00:57:02,767624240.000000,-3112.4908,-3399.9100,-22309.8354,22781.0391,-2010.3945,-17146.7674,14863.4594,1301172.1688,4225874.4260,-5216023.4500,1303182.5633,4243021.1934,-5230886.9094,-6150419.338067,6060.608998,8
2024-04-29T00:57:32,767624270.000000,-3337.5145,-2530.2883,-24104.7529,24465.9043,-2115.8533,-18206.6346,16205.6193,1355091.0522,4387941.2683,-5064097.0558,1357206.9055,4406147.9028,-5080302.6751,-6355589.656863,6772.666520,8
2024-04-29T00:58:02,767624300.000000,-3569.3879,-1620.5408,-26891.8687,27176.0792,-2444.9778,-20001.4520,18234.6726,1407991.2983,4544176.5077,-4905837.8295,1410436.2760,4564177.9597,-4924072.5020,-6683931.433240,7669.983652,9
2024-04-29T00:58:32,767624330.000000,-3814.3042,-600.5644,-30792.3054,31033.4604,-3026.2766,-22636.1391,21012.4373,1459762.7178,4694303.6335,-4741356.6605,1462788.9944,4716939.7726,-4762369.0978,-7166657.115205,8810.766819,9
2024-04-29T00:59:02,767624360.000000,-4078.6272,606.1154,-35993.3358,36228.7565,-3906.0429,-26270.6419,24639.7849,1510277.5468,4837997.2198,-4570731.5196,1514183.5897,4864267.8617,-4595371.3045,-7840270.017963,10271.546545,8
2024-04-29T00:59:32,767624390.000000,-4368.7115,2088.0761,-42812.2867,43085.2364,-5164.4634,-31169.7616,29293.5467,1559374.4560,4974833.2808,-4393970.3600,1564538.9194,5006003.0424,-4423263.9067,-8749853.254418,12170.438132,7
