time,X,Y,Z,dX,dY,dZ,dE,dN,dU,n_sat
1714435230.0,-289271.7108113881,-6664343.1400346905,-1592353.2471979146,-8334.927710934717,49796.45203252975,-223345.0802632717,-10409.43027216347,-228716.5381592188,-3545.6264119910265,8
1714435260.0,-297051.82666659844,-6607123.779441471,-1813920.5961653113,-16115.043566145061,107015.81262574904,-444912.42923066835,-20574.855687614716,-457185.5912958666,-14736.311950597606,8
1714435290.0,-304236.2270994538,-6542549.2107261745,-2033463.3282007575,-23299.443999000418,171590.38134104572,-664455.1612661146,-30452.57815668878,-685152.0629633412,-33557.04834002658,7
1714435320.0,-310785.01573535753,-6470693.643059395,-2250736.372524715,-29848.232634904154,243445.949007825,-881728.2055900721,-39999.6337973075,-912361.3201963322,-59986.051032915566,7
1714435350.0,-316659.2963065525,-6391641.25263268,-2465497.761255542,-35722.5132060991,322498.3394345399,-1096489.5943208989,-49173.641278825846,-1138559.7614819212,-93991.1159600566,7
1714435380.0,-321821.322011527,-6305483.704484922,-2677508.250525311,-40884.53891107364,408655.88758229837,-1308500.0835906682,-57933.054653332154,-1363494.9415741889,-135532.11506711756,7
1714435410.0,-326234.5428440132,-6212320.623449811,-2886531.721437836,-45297.759743559815,501818.96861740947,-1517523.5545031931,-66237.19095484969,-1586915.8693931217,-184560.45290558808,7
1714435440.0,-329863.6507331675,-6112258.749107984,-3092335.0261114677,-48926.8676327141,601880.8429592364,-1723326.8591768248,-74046.31062810576,-1808573.0263798088,-241019.92281069967,7
1714435470.0,-332674.8631760478,-6005415.062228308,-3294689.8543943698,-51738.08007559442,708724.5298389122,-1925681.6874597268,-81321.77020910606,-2028219.5654956729,-304843.26033822546,7
1714435500.0,-334635.6933174137,-5891912.144647384,-3493370.9282998634,-53698.9102169603,822227.4474198362,-2124362.7613652204,-88025.9865907196,-2245610.475389898,-375957.0568937102,7
1714435530.0,-335715.18001086684,-5771880.687129672,-3688157.466781417,-54778.39691041346,942258.9049375486,-2319149.299846774,-94122.56203914207,-2460503.5102119325,-454279.00153089943,6
1714435560.0,-335883.9603191236,-5645458.997390972,-3878833.3452534336,-54947.1772186702,1068680.5946762478,-2509825.1783187906,-99576.37719834411,-2672659.4439866524,-539718.3274800299,6
1714435590.0,-335114.2503247483,-5512791.9389811205,-4065186.6389721273,-54177.4672242949,1201347.6530860998,-2696178.4720374844,-104353.61627862844,-2881841.83636689,-632176.9432238014,6
1714435620.0,-333380.00270651234,-5374031.83680127,-4247010.679991413,-52443.21960605896,1340107.7552659502,-2878002.51305677,-108421.88663919113,-3087817.885046184,-731548.3274905259,6
1714435650.0,-330656.89000844164,-5229337.683931772,-4424103.869758689,-49720.10690798826,1484801.9081354486,-3055095.702824046,-111750.2352311328,-3290358.4014591575,-837718.343908313,6
1714435680.0,-326922.336171901,-5078873.920007602,-4596268.733956757,-45985.55307144765,1635265.672059618,-3227260.567022114,-114309.23117318617,-3489237.1297268327,-950566.6252125761,6
1714435710.0,-322155.81788532576,-4922815.036691739,-4763317.052703852,-41219.034784872376,1791324.555375481,-3394308.885769209,-116071.07430167243,-3684234.8457470806,-1069961.0229466362,6
1714435740.0,-316338.5129442994,-4761337.934719896,-4925062.605081626,-35401.729843846,1952801.6573473243,-3556054.4381469833,-117009.56335922227,-3875133.786007236,-1195766.5596206302,6
1714435770.0,-309453.65372329607,-4594627.413103948,-5081327.108329757,-28516.87062284269,2119512.178963272,-3712318.941395114,-117100.21967597594,-4061722.361434312,-1327838.8488446246,6
1714435800.0,-301486.4727092899,-4422874.339051626,-5231938.935988805,-20549.689608836547,2291265.2530155946,-3862930.7690541623,-116320.30925910747,-4243794.269306332,-1466026.1462135059,6
1714435830.0,-292424.07416912477,-4246271.547651081,-5376728.449356787,-11487.291068671388,2467868.044416139,-4007720.282422144,-114648.88599008707,-4421144.743603429,-1610174.3053760577,6
1714435860.0,-282255.8529500318,-4065021.777089492,-5515538.046932772,-1319.0698495784309,2649117.8149777283,-4146529.879998129,-112066.87831948564,-4593578.804042776,-1760116.9759784737,6
1714435890.0,-270973.21926748985,-3879330.9297557515,-5648214.5236873105,9963.563832963526,2834808.6623114687,-4279206.356752668,-108557.09602163373,-4760905.125445424,-1915683.7451948272,6
1714435920.0,-258569.72366680656,-3689409.8608188643,-5774611.768888838,22367.05943364682,3024729.731248356,-4405603.601954195,-104104.28027368558,-4922938.320683368,-2076697.8402196974,6
1714435950.0,-245041.0086845466,-3495472.819926672,-5894588.955665784,35895.77441590678,3218666.772140548,-4525580.788731141,-98695.1205056164,-5079497.480195754,-2242978.019042611,7
1714435980.0,-230385.10299921944,-3297741.903721329,-6008017.345284304,50551.68010123394,3416397.6883458914,-4639009.178349661,-92318.36215198346,-5230411.941803386,-2414332.833964428,7
1714436010.0,-214602.01816409148,-3096439.5198557423,-6114770.275237901,66334.7649363619,3617700.072211478,-4745762.108303258,-84964.71878645969,-5375512.998207307,-2590570.034720334,7
1714436040.0,-197694.0813743427,-2891793.3008008557,-6214730.339168682,83242.70172611068,3822346.2912663645,-4845722.172234039,-76626.99917154797,-5514639.941913929,-2771490.3034783434,7
1714436070.0,-179665.85771383814,-2684034.6570432987,-6307788.097060964,101270.92538661524,4030104.9350239215,-4938779.9301263215,-67300.09005831592,-5647639.092651621,-2956888.933132711,7
1714436100.0,-160524.1517244093,-2473398.2825112245,-6393841.986725375,120412.63137604407,4240741.309555996,-5024833.819790732,-56980.978430462084,-5774363.809878904,-3146556.3290906185,7
1714436130.0,-140278.014177774,-2260121.1584810936,-6472796.178506508,140658.7689226794,4454018.433586126,-5103788.011571865,-45668.799912966555,-5894672.591000728,-3340279.414762156,7
1714436160.0,-118938.75853092333,-2044443.9681394093,-6544565.018236331,161998.02456953004,4669695.623927811,-5175556.851301688,-33364.79607595509,-6008433.139846447,-3537839.3541155336,7
1714436190.0,-96519.95400257442,-1826609.5285734823,-6609069.947128842,184416.82909787894,4887530.063493738,-5240061.780194199,-20072.3730693642,-6115519.663984418,-3739013.7052330924,8
1714436220.0,-73037.40539647937,-1606862.8672957008,-6666240.374778435,207899.37770397402,5107276.724771519,-5297232.207843792,-5797.078264717944,-6215813.7147507835,-3943576.170921501,8
1714436250.0,-48509.20216682435,-1385450.945063969,-6716013.767811916,232427.58093362904,5328688.647003251,-5347005.600877273,9453.339134605718,-6309204.32929832,-4151296.8501945836,8
1714436280.0,-22955.60188530184,-1162622.4480972239,-6758336.11103252,257981.18121515153,5551517.143969996,-5389327.9440978775,25669.035837790172,-6395588.5250153765,-4361942.3538120035,8
1714436310.0,3600.8655548519882,-938627.3555442182,-6793160.66858819,284537.6486553054,5775512.236523002,-5424152.501653547,42837.95227125261,-6474870.171842212,-4575276.4721442675,8
1714436340.0,31135.50356377313,-713716.8494702821,-6820450.001671445,312072.2866642265,6000422.742596938,-5451441.834736802,60945.91434812572,-6546961.987813729,-4791059.862404492,8
1714436370.0,59621.54570362902,-488142.6782899734,-6840172.373216366,340558.3288040824,6225996.913777247,-5471164.206281723,79976.7036199258,-6611782.145537504,-5009051.397680956,21
1714436400.0,89029.82490510348,-262157.7790876308,-6852309.852998231,369966.60800555686,6451981.812979589,-5483301.686063588,99911.7527989457,-6669262.08453318,-5229005.916606627,21
1714436430.0,119329.28232207958,-36014.78896234235,-6856847.83334495,400266.06542253296,6678124.8031048775,-5487839.666410307,120730.5919333903,-6719336.543494082,-5450677.806716906,21
1714436460.0,150486.7048582348,190033.46075799744,-6853781.6164373215,431423.4879586882,6904173.052825218,-5484773.449502679,142410.6068245418,-6761949.912025372,-5673819.187109666,21
1714436490.0,182466.83767482068,415734.4271527342,-6843114.812210489,463403.62077527406,7129874.0192199545,-5474106.645275846,164927.1312591075,-6797054.7589667775,-5898180.7071782965,21
1714436520.0,215232.4380428636,640836.1506346023,-6824860.302906795,496169.22114331694,7354975.742701823,-5455852.135972152,188253.4884846633,-6824612.836923225,-6123511.643780079,7
1714436550.0,248744.22755709884,865087.3676700471,-6799036.485546631,529681.0106575522,7579226.959737267,-5430028.318611988,212360.93875298236,-6844591.423499834,-6349560.764197162,7
1714436580.0,282961.05683025846,1088238.0271685184,-6765672.855444361,563897.8399307118,7802377.619235739,-5396664.6885097185,237218.82228217827,-6856968.896064074,-6576075.717021657,8
1714436610.0,317839.79693238996,1310039.294668289,-6724805.894167073,598776.5800328434,8024178.886735509,-5355797.72723243,262794.4506159417,-6861730.703403607,-6802803.8575906,8
1714436640.0,353335.6313490872,1530244.1364685525,-6676480.99784456,634272.4144495407,8244383.728535773,-5307472.830909917,289053.3739063115,-6858871.3744072225,-7029492.4444297245,8
1714436670.0,389401.90897366643,1748608.023990014,-6620753.745819021,670338.6920741198,8462747.616057234,-5251745.578884378,315959.20458789,-6848395.900962049,-7255889.067869497,7
1714436700.0,425990.4032673845,1964886.7532227526,-6557680.606115131,706927.186367838,8679026.345289974,-5188672.439180488,343473.9674716047,-6830310.1974302,-7481741.392932862,7
1714436730.0,463051.04705287196,2178840.4315898367,-6487333.651232599,743987.8301533253,8892980.023657057,-5118325.484297956,371557.6680952651,-6804636.314369889,-7706798.095462981,6
1714436760.0,500532.2717152091,2390231.3074432253,-6409790.437172757,781469.0548156626,9104370.899510445,-5040782.2702381145,400168.72236813937,-6771402.091093009,-7930808.78409091,7
1714436790.0,538381.041918433,2598824.6032823785,-6325136.336426332,819317.8250188865,9312964.195349598,-4956128.169491689,429263.95642358944,-6730643.608598119,-8153524.348675191,7
1714436820.0,576542.8369933326,2804388.6704300465,-6233464.349449456,857479.6200937859,9518528.262497267,-4864456.182514813,458798.5815567677,-6682405.035765797,-8374697.148791438,7
1714436850.0,614961.8535329677,3006695.685406257,-6134875.895902634,895898.6366334211,9720835.277473478,-4765867.728967991,488726.36753041885,-6626739.5459035775,-8594081.544723159,7
1714436880.0,653581.038464971,3205521.6739858263,-6029480.042142487,934517.8215654243,9919661.266053047,-4660471.875207844,518999.6746125214,-6563708.56507995,-8811434.077498855,7
1714436910.0,692341.7255834825,3400645.3072948195,-5917390.932396069,973278.508683936,10114784.899362039,-4548382.765461426,549569.14075635,-6493379.011021694,-9026512.791533958,7
1714436940.0,731184.6870590708,3591851.389677932,-5798733.676917441,1012121.4701595241,10305990.981745152,-4429725.509982798,580384.586377403,-6415829.7699691765,-9239079.509054758,7
1714436970.0,770049.1929965286,3778927.8103408515,-5673638.035999519,1050985.976096982,10493067.40240807,-4304629.869064876,611394.2021729569,-6331144.8898233455,-9448898.076320328,7
1714437000.0,808873.925577719,3961668.292028113,-5542242.910288807,1089810.7086781724,10675807.884095334,-4173234.743354164,642545.3475545524,-6239418.53816784,-9655736.189638961,7
1714437030.0,847596.4699387659,4139870.7922711186,-5404692.924453915,1128533.2530392192,10854010.384338338,-4035684.757519272,673784.1088076783,-6140751.330478581,-9859364.495775424,7
1714437060.0,886153.5691728337,4313338.269329866,-5261139.353634448,1167090.352273287,11027477.861397088,-3892131.186699805,705055.5218506714,-6035251.393522559,-10059557.166026019,8
1714437090.0,924481.6701596986,4481880.330685558,-5111741.88827954,1205418.453260152,11196019.922752779,-3742733.7213448975,736304.0486702479,-5923036.429587973,-10256093.177653713,8
1714437120.0,962516.266008578,4645311.100765759,-4956665.06420343,1243453.0491090314,11359450.69283298,-3587656.897268787,767473.0094810405,-5804229.785915202,-10448754.916868107,8
1714437150.0,1000192.4227370253,4803450.739856704,-4796080.171857935,1281129.2058374786,11517590.331923924,-3427072.0049232924,798505.045444427,-5678962.634258,-10637329.303641373,8
1714437180.0,1037444.9940413801,4956126.207233787,-4630165.2586478265,1318381.7771418334,11670265.799301006,-3261157.0917131836,829342.3013478012,-5547374.128073413,-10821608.546969462,8
1714437210.0,1074208.0342415378,5103168.463698883,-4459102.6194122685,1355144.8173419912,11817308.055766102,-3090094.4524776256,859925.9560132404,-5409608.37790063,-11001387.886716764,8
1714437240.0,1110416.0438320215,5244417.726745605,-4283082.535415492,1391352.826932475,11958557.318812825,-2914074.368480849,890197.2470623273,-5265819.179062484,-11176470.037365207,8
1714437270.0,1146003.04333198,5379719.352632354,-4102299.5824725917,1426939.8264324334,12093858.944699574,-2733291.4155379487,920096.7177298007,-5116165.560983708,-11346661.860980503,8
1714437300.0,1180903.3075561395,5508926.096817345,-3916954.3580848924,1461840.090656593,12223065.688884566,-2547946.1911502494,949564.8559928727,-4960813.938851479,-11511776.262888158,8
1714437330.0,1215051.0700781539,5631897.320913005,-3727252.1808576914,1495987.8531786073,12346036.912980225,-2358244.0139230485,978541.8324469987,-4799936.677926543,-11671631.664543692,8
1714437360.0,1248380.810076261,5748499.581006675,-3533403.3587416327,1529317.5931767144,12462639.173073895,-2164395.1918069897,1006967.762305436,-4633712.476772018,-11826052.537243271,7
1714437390.0,1280827.3620292372,5858606.868099816,-3335622.9911249112,1561764.1451296906,12572746.460167035,-1966614.8241902683,1034782.8049475008,-4462326.22254135,-11974869.681695295,7
1714437420.0,1312325.7979465232,5962099.836545399,-3134130.108348991,1593262.5810469766,12676239.42861262,-1765121.9414143478,1061927.078507584,-4285967.992224644,-12117919.640816996,7
1714437450.0,1342812.2442484356,6058868.618685652,-2929149.295345301,1623749.027348889,12773008.21075287,-1560141.1284106579,1088341.3583725183,-4104835.2148107616,-12255047.162016172,8
1714437480.0,1372222.9864108993,6148809.317336413,-2720907.8550941334,1653159.7695113528,12862948.909403633,-1351899.6881594905,1113966.3292442015,-3919129.1812485596,-12386102.297103029,8
1714437510.0,1400495.2378910817,6231826.494779347,-2509637.2101626587,1681432.0209915352,12945966.086846568,-1140629.0432280158,1138743.2493382394,-3729056.9232930383,-12510942.588477468,8
1714437540.0,1427567.2629176932,6307833.381440361,-2295572.6357122646,1708504.0460181467,13021972.973507581,-926564.4687776216,1162614.0643428923,-3534830.9948531147,-12629433.3320241,8
1714437570.0,1453377.6895879782,6376749.005173184,-2078951.4050491897,1734314.4726884316,13090888.597240403,-709943.2381145468,1185520.8411297007,-3336667.073558269,-12741445.11161741,8
1714437600.0,1477866.8300247008,6438502.8469213685,-1860014.9449396713,1758803.6131251543,13152642.438988589,-491006.7780050284,1207406.8921218165,-3134787.0173860174,-12846857.977184832,7
1714437630.0,1500975.9686699626,6493031.871297524,-1639006.9160636775,1781912.751770416,13207171.463364745,-269998.7491290346,1228216.188349571,-2929416.382444999,-12945558.894659908,7
1714437660.0,1522647.6570981983,6540281.234068297,-1416173.307206509,1803584.4401986517,13254420.826135516,-47165.140271865996,1247893.6244286294,-2720784.6596764103,-13037442.431606684,7
1714437690.0,1542825.854211921,6580204.667491054,-1191762.2422601476,1823762.6373123745,13294344.259558275,177245.92467449536,1266385.14252379,-2509125.164280171,-13122411.178876063,7
1714437720.0,1561455.9425475579,6612763.974413117,-966023.5667589116,1842392.7256480113,13326903.566480339,402984.60017573135,1283637.7697902434,-2294674.5293039293,-13200375.339144628,9
1714437750.0,1578484.9712950403,6637929.779812369,-739208.7304044137,1859421.7543954938,13352069.371879589,629799.4365302293,1299599.8297618106,-2077672.743394658,-13271253.496045355,9
1714437780.0,1593861.7068606296,6655681.427187691,-511570.3630225198,1874798.489961083,13369821.019254912,857437.8039121232,1314220.9972010641,-1858362.7150299542,-13334972.599985005,9
1714437810.0,1607536.300478699,6666005.0137950275,-283362.0656676284,1888473.0835791524,13380144.605862249,1085646.1012670146,1327452.048140579,-1636989.670866562,-13391466.073427042,9
1714437840.0,1619461.245717433,6668897.322364975,-54838.13547098766,1900398.0288178865,13383036.914432194,1314170.0314636552,1339245.65218223,-1413801.6831138341,-13440677.753615046,9
1714437870.0,1629590.8780235513,6664363.050325642,173746.84271601285,1910527.6611240047,13378502.642392863,1542755.0096506558,1349555.9883144898,-1189048.7093508546,-13482559.242125753,9
1714437900.0,1637881.28510436,6652414.092707594,402138.2135244999,1918818.0682048134,13366553.684774814,1771146.3804591428,1358338.6853516886,-962982.2351144415,-13517069.24294542,9
1714437930.0,1644291.1506987337,6633072.894780718,630081.4029953952,1925227.9337991872,13347212.486847937,1999089.5699300382,1365551.5248070634,-735855.8048419403,-13544176.909001552,9
1714437960.0,1648781.0642362742,6606369.019853518,857322.4942818834,1929717.8473367277,13320508.611920739,2226330.6612165263,1371153.8946419572,-507923.76344599435,-13563858.5701633,8
1714437990.0,1651313.944337082,6572340.552244285,1083608.3110523834,1932250.7274375355,13286480.144311506,2452616.4779870263,1375107.1537427627,-279441.45966584515,-13576099.140522866,8
1714438020.0,1651855.1470033554,6531034.206796485,1308686.8214569704,1932791.9301038089,13245173.798863705,2677694.9883916136,1377374.7354395364,-50664.87321261503,-13580892.311141888,8
1714438050.0,1650372.3549362118,6482504.486115229,1532307.235284556,1931309.1380366653,13196644.07818245,2901315.4022191986,1377922.0721521392,178149.6504344372,-13578239.74015676,8
1714438080.0,1646835.8890404922,6426814.576258231,1754220.5699514912,1927772.6721409457,13140954.16832545,3123228.7368861344,1376716.869177469,406745.7721546837,-13568152.055875236,8
1714438110.0,1641218.6010885208,6364035.534221539,1974179.6959496033,1922155.3841889743,13078175.12628876,3343187.8628842463,1373729.031415016,634867.3676366685,-13550648.066241665,8
1714438140.0,1633496.0036247254,6294246.509738014,2191939.7633481375,1914432.7867251788,13008386.101805234,3560947.9302827804,1368930.7838854087,862258.899597886,-13525755.066897681,8
1714438170.0,1623646.3212039392,6217534.578784956,2407258.403962378,1904583.1043043926,12931674.170852177,3776266.570897021,1362296.7298842971,1088665.6488105631,-13493508.720922364,8
1714438200.0,1611650.337954832,6133993.870860794,2619895.73978326,1892587.1210552854,12848133.462928014,3988903.906717903,1353803.7351641061,1313833.8987472337,-13453952.200085398,8
1714438230.0,1597492.1686974892,6043727.9556396175,2829615.646684099,1878428.9517979426,12757867.547706839,4198623.813618742,1343431.5986010332,1537511.688198042,-13407138.806195945,8
1714438260.0,1581158.3704406251,5946846.522391961,3036184.7748874985,1862095.1535410786,12660986.114459181,4405192.941822141,1331162.3032891005,1759448.5254110661,-13353128.487915479,8
1714438290.0,1562638.5052648096,5843466.953086206,3239373.455525856,1843575.288365263,12557606.545153426,4608381.622460499,1316980.5131662376,1979395.9558231076,-13291989.585573504,8
1714438320.0,1541925.098093373,5733713.897349533,3438955.900359706,1822861.8811938264,12447853.489416752,4807964.067294349,1300873.5485912776,2197107.8433460244,-13223798.453529565,8
1714438350.0,1519013.6682943779,5617719.184603558,3634710.440058723,1799950.4513948313,12331858.776670778,5003718.606993366,1282831.421591555,2412340.6211577277,-13148639.423320193,8
1714438380.0,1493902.745338318,5495621.457277851,3826419.6795371603,1774839.5284387714,12209761.049345072,5195427.846471803,1262846.8668407875,2624853.5173356817,-13066604.47649459,8
1714438410.0,1466593.9589623248,5367566.182829031,4013870.836086743,1747530.7420627782,12081705.774896251,5382879.0030213855,1240915.4312419826,2834408.8829327933,-12977793.327975357,8
1714438440.0,1437091.779963601,5233704.661252151,4196855.463464915,1718028.5630640544,11947844.253319371,5565863.630399558,1217035.2564394411,3040772.123000966,-12882312.388614431,8
1714438470.0,1405404.3644449539,5094196.304349664,4375171.378738359,1686341.1475454073,11808335.896416884,5744179.545673002,1191207.8270391403,3243713.1197682265,-12780277.417602666,8
1714438500.0,1371542.4808060476,4949205.287458923,4548620.758641622,1652479.263906501,11663344.879526142,5917628.925576265,1163437.038515871,3443005.0486022867,-12671809.819040656,8
1714438530.0,1335520.172549666,4798902.06056798,4717011.505846667,1616456.9556501193,11513041.6526352,6086019.67278131,1133729.7962663677,3638425.407683382,-12557038.422496194,8
1714438560.0,1297354.5650210204,4643462.780752039,4880157.131070651,1578291.3481214738,11357602.37281926,6249165.298005294,1102095.846245125,3829756.0180152953,-12436098.895899119,6
1714438590.0,1257065.8680086357,4483069.050523919,5037876.916227974,1538002.6511090891,11197208.64259114,6406885.083162617,1068547.788501523,4016783.235730591,-12309133.522317084,6
1714438620.0,1214677.3911547803,4317907.762029054,5189995.989037217,1495614.1742552337,11032047.354096275,6559004.15597186,1033101.0990903659,4199298.0563098425,-12176291.063071819,6
1714438650.0,1170216.0384925832,4148171.591692112,5336347.075317751,1451152.8215930366,10862311.183759332,6705355.242252394,995774.6034974637,4377097.727779927,-12037727.61403644,5
1714438680.0,1123710.7507703528,3974055.8939653398,5476764.876072195,1404647.5338708062,10688195.48603256,6845773.043006838,956589.0501856402,4549980.878679318,-11893602.37233164,4
1714438710.0,1075195.5021068926,3795765.064976049,5611100.173865914,1356132.285207346,10509904.657043269,6980108.340800557,915569.8385917095,4717760.035066938,-11744086.820465073,5
1714438740.0,1024705.5271723333,3613503.692667087,5739201.747342964,1305642.3102727868,10327643.284734307,7108209.914277607,872743.6195827364,4880245.710834477,-11589352.277883606,5
1714438770.0,972279.7538748243,3427481.9621237516,5860928.164536517,1253216.5369752776,10141621.554190971,7229936.33147116,828140.5000409684,5037256.855785514,-11429577.659526166,6
1714438800.0,917960.5310390565,3237915.0907432064,5976148.498638154,1198897.3141395098,9952054.682810426,7345156.665572797,781793.7943937317,5188621.672440052,-11264949.055572387,6
1714438830.0,861791.7659418572,3045017.1242266134,6084725.210051082,1142728.5490423106,9759156.716293834,7453733.376985725,733738.4231419051,5334162.107257072,-11095650.145218102,6
1714438860.0,803822.5231942607,2849012.91502552,6186549.491445223,1084759.306294714,9563152.50709274,7555557.658379866,684014.0078249944,5473726.042004409,-10921881.166254818,6
1714438890.0,744103.8690417828,2650127.2691552117,6281510.433642789,1025040.6521422362,9364266.861222431,7650518.600577432,632662.1718083658,5607159.2919335775,-10743841.970904065,6
1714438920.0,682688.3320086595,2448582.8353837114,6369490.3078270545,963625.1151091128,9162722.427450933,7738498.474761697,579726.0896435383,5734301.412152204,-10561728.990295403,7
1714438950.0,619633.4819238883,2244612.3695234833,6450401.5401700055,900570.2650243416,8958751.961590704,7819409.707104648,525253.5502445423,5855019.42818192,-10375754.810262311,6
1714438980.0,554998.5730216494,2038447.4399310143,6524153.039853456,835935.3561221028,8752587.031998234,7893161.206788099,469294.07510075334,5969177.144318543,-10186130.217088513,6
1714439010.0,488845.79438488436,1830322.2195710773,6590663.623708986,769782.5774853377,8544461.811638298,7959671.790643629,411900.0090963145,6076647.523426451,-9993070.656232487,6
1714439040.0,421240.0196031375,1620472.6672039796,6649859.8716289755,702176.8027035908,8334612.2592712,8018868.038563618,353126.3046181067,6177310.752432008,-9796794.989965884,6
1714439070.0,352248.7526097015,1409136.3398515682,6701676.586197415,633185.5357101548,8123275.931918789,8070684.753132058,293030.4752802888,6271054.730673318,-9597525.40390588,6
1714439100.0,281942.03480744926,1196552.04347115,6746056.472139556,562878.8179079026,7910691.63553837,8115064.639074199,231672.51773524313,6357774.826750526,-9395486.996927949,6
1714439130.0,210392.39753571808,982959.6791460809,6782950.576411619,491329.1806361715,7697099.271213301,8151958.743346262,169114.87061216828,6437374.340910221,-9190907.717054125,7
1714439160.0,137674.8180394761,768599.8196227466,6812318.01668015,418611.6011399295,7482739.411689967,8181326.183614793,105422.38822802604,6509764.324391781,-8984017.890649183,8
1714439190.0,63866.579773930825,553713.6179723246,6834125.942574164,344803.3628743842,7267853.210039545,8203134.109508807,40662.204832762654,6574863.560968293,-8775050.119518857,21
1714439220.0,-10952.760289709626,338542.4998562416,6848351.009041695,269984.0228107438,7052682.091923462,8217359.175976338,-25096.285191202944,6632600.072307841,-8564239.274249941,21
1714439250.0,-86701.4795454915,123327.74129760946,6854976.85558519,194235.30355496187,6837467.333364829,8223985.0225198325,-91781.51746424075,6682908.734185929,-8351821.57030442,21
1714439280.0,-163295.79212269274,-91689.65660478172,6853995.934953978,117640.99097776064,6622449.9354624385,8223004.101888621,-159319.85465228575,6725733.093921278,-8138034.808440394,21
1714439310.0,-240649.89718874666,-306269.2513966492,6845409.059413075,40286.88591170672,6407870.340670571,8214417.226347718,-227635.62286633282,6761024.9832207225,-7923118.003917882,21
1714439340.0,-318676.1147088759,-520171.57395265,6829226.815327555,-37739.33160842251,6193968.0181145705,8198234.982262198,-296651.2299670941,6788745.988289912,-7707311.259135749,9
1714439370.0,-397284.9943895201,-733157.8877994306,6805463.590182484,-116348.2112890667,5980981.70426779,8174471.757117127,-366287.2844749178,6808861.551158935,-7490854.795238211,9
1714439400.0,-476385.3389533618,-944991.218803187,6774147.349892386,-195448.5558529084,5769148.373264033,8143155.516827029,-436462.5757773707,6821350.754605531,-7273989.90682135,9
1714439430.0,-555884.3437626846,-1155435.9736571384,6735311.334047956,-274947.56066223123,5558703.618410082,8104319.500982599,-507094.22958003415,6826198.111210027,-7056957.661860073,9
1714439460.0,-635687.776757536,-1364258.6381948271,6688998.74888552,-354750.9936570826,5349880.953872393,8058006.915820163,-578097.8584936851,6823398.302343467,-6839999.153296305,9
1714439490.0,-715700.0412271925,-1571227.7711714846,6635260.106272847,-434763.2581267391,5142911.820895735,8004268.27320749,-649387.6250108596,6812953.570642964,-6623354.968167427,9
1714439520.0,-795824.2647661385,-1776114.3143962685,6574154.1560955085,-514887.48166568513,4938025.277670952,7943162.323030151,-720876.3174186795,6794874.696376877,-6407265.067657277,9
1714439550.0,-875962.3109290121,-1978691.5923110521,6505746.754285816,-595025.5278285588,4735447.999756169,7874754.921220459,-792475.3614612186,6769179.888547644,-6191968.559707585,9
1714439580.0,-956015.269808892,-2178736.512482179,6430114.62323476,-675078.4867084387,4535403.079585042,7799122.790169403,-864095.2603011678,6735898.713688259,-5977703.25908904,9
1714439610.0,-1035883.1411225776,-2376028.583897285,6347340.069287247,-754946.3580221243,4338111.008169935,7716348.23622189,-935645.3189232412,6695066.72133801,-5764705.600405806,8
1714439640.0,-1115465.1410129268,-2570350.8233243152,6257513.82525614,-834528.3579124734,4143788.768742905,7626521.992190783,-1007033.9127770646,6646728.413081242,-5553210.3092486095,8
1714439670.0,-1194659.842348159,-2761489.89531385,6160734.588750281,-913723.0592477056,3952649.69675337,7529742.755684924,-1078168.6221008885,6590936.819549282,-5343450.166705195,8
1714439700.0,-1273365.5462063074,-2949237.0110477805,6057109.8017914845,-992428.7631058539,3764902.5810194397,7426117.968726127,-1148956.5655040208,6527754.447623683,-5135655.270942371,7
1714439730.0,-1351479.1359469444,-3133385.0614105044,5946750.555024196,-1070542.352846491,3580754.530656716,7315758.721958839,-1219303.3748951454,6457247.703600832,-4930054.866863514,7
1714439760.0,-1428898.5137105193,-3313734.3124235505,5829780.551942472,-1147961.7306100659,3400405.2796436697,7198788.718877115,-1289115.3917483292,6379496.838017689,-4726873.471998809,7
1714439790.0,-1505520.7946850925,-3490088.146407731,5706328.331517229,-1224584.011584639,3224051.4456594894,7075336.498451872,-1358298.0409933059,6294587.457043756,-4526333.557027602,7
1714439820.0,-1581243.04107665,-3662254.5564193493,5576529.488475997,-1300306.2579761965,3051885.035647871,6945537.65541064,-1426756.5018677458,6202613.003542987,-4328654.498886249,6
1714439850.0,-1655961.9441429875,-3830045.4983416116,5440525.357353036,-1375025.161042534,2884094.0937256087,6809533.524287679,-1494395.417315577,6103673.335263132,-4134052.9636743665,6
1714439880.0,-1729576.3918939922,-3993282.3021625658,5298470.163934969,-1448639.6087935388,2720857.2899046545,6667478.330869612,-1561121.2332186808,5997882.837896959,-3942738.941251823,6
1714439910.0,-1801983.688571252,-4151787.419928291,5150518.704037869,-1521046.9054707985,2562352.1721389294,6519526.870972512,-1626838.7661665177,5885356.667393233,-3754921.5025760317,6
1714439940.0,-1873082.1108773225,-4305389.783663953,4996833.833107574,-1592145.327776869,2408749.8084032675,6365842.000042217,-1691453.5334574769,5766219.18348161,-3570804.954901469,6
1714439970.0,-1942770.9815738734,-4453924.940297486,4837585.933596196,-1661834.19847342,2260214.651769734,6206594.100530839,-1754871.8209920593,5640603.455589472,-3390588.5997441066,6
1714440000.0,-2010950.2725906223,-4597234.037573,4672951.152106852,-1730013.4894901689,2116905.55449422,6041959.319041495,-1817000.3291236795,5508649.329095721,-3214467.387676612,7
1714440030.0,-2077520.9779195332,-4735164.478570088,4503111.864795272,-1796584.1948190797,1978975.1134971324,5872120.031729915,-1877746.5178640396,5370504.015708115,-3042631.3558942596,7
1714440060.0,-2142385.065885515,-4867569.744899219,4328256.067153761,-1861448.2827850615,1846569.8471680013,5697264.234088404,-1937018.566587044,5226321.45980284,-2875265.6806768,7
1714440090.0,-2205446.117946742,-4994310.622989274,4148578.0841143155,-1924509.3348462887,1719828.9690779466,5517586.251048958,-1994725.9610044977,5076263.285473373,-2712549.593575107,7
1714440120.0,-2266608.2916904506,-5115252.762796709,3964276.3517861273,-1985671.5085899972,1598886.829270511,5333284.51872077,-2050778.5591290588,4920496.124918583,-2554658.3678733194,7
1714440150.0,-2325778.0623476165,-5230270.383174463,3775555.90951768,-2044841.279247163,1483869.208892757,5144564.076452322,-2105088.17635982,4759194.817822529,-2401760.121015045,7
1714440180.0,-2382863.2879231423,-5339244.06303807,3582626.3352953307,-2101926.504822689,1374895.5290291505,4951634.502229974,-2157567.743772269,4592539.9377721455,-2254017.6002187766,7
1714440210.0,-2437773.6473807967,-5442061.512614803,3385702.0628906153,-2156836.8642803435,1272078.0794524169,4754710.229825258,-2208131.71367732,4420718.2613699725,-2111587.4733454646,7
1714440240.0,-2490420.711500838,-5538617.564334419,3185001.9833279136,-2209483.9284003847,1175522.0277328016,4554010.150262557,-2256696.1307978104,4243922.376587899,-1974620.2548788323,7
1714440270.0,-2540718.1233814135,-5628814.42238488,2980749.335360083,-2259781.3402809603,1085325.1696823407,4349757.502294726,-2303178.802179174,4062350.6270616325,-1843260.0322802356,7
1714440300.0,-2588581.681703968,-5712561.588553293,2773171.3666188493,-2307644.898603515,1001578.0035139276,4142179.5335534923,-2347499.38348235,3876206.765963534,-1717644.4671152718,7
1714440330.0,-2633929.54606076,-5789776.182306878,2562499.1820961703,-2352992.762960307,924363.409760342,3931507.349030813,-2389579.5707504908,3685699.87351732,-1597904.4429304746,9
1714440360.0,-2676681.9925265466,-5860382.405988497,2348967.1433437783,-2395745.2094260934,853757.1860787235,3717975.3102784213,-2429342.8785523633,3491043.6590789855,-1484164.4780617775,9
1714440390.0,-2716762.779404196,-5924313.659248022,2132813.732442205,-2435825.9963037428,789825.9328191979,3501821.899376848,-2466715.9161380823,3292457.7432220527,-1376540.773659219,9
1714440420.0,-2754097.837190619,-5981510.302909257,1914279.8178865816,-2473161.054090166,732629.2891579634,3283287.9848212246,-2501627.1720340773,3090165.4992826195,-1275143.1077553963,9
1714440450.0,-2788615.233829961,-6031919.106910334,1693608.6699198075,-2507678.450729508,682220.4851568863,3062616.8368544504,-2534007.002406048,2884393.957320228,-1180075.38010793,8
1714440480.0,-2820247.009610319,-6075496.916682895,1471046.7504548505,-2539310.226509866,638642.675384325,2840054.9173894934,-2563789.3110749545,2675375.328994806,-1091432.1071379667,8
1714440510.0,-2848927.8517957474,-6112207.49842087,1246842.3520653958,-2567991.068695294,601932.0936463503,2615850.5190000385,-2590910.3571943543,2463345.0301744402,-1009301.2906515882,8
1714440540.0,-2874595.669686402,-6142022.792721617,1021245.7012189449,-2593658.886585949,572116.7993456032,2390253.868153588,-2615309.2773981006,2248542.0384306433,-933763.1879917448,8
1714440570.0,-2897191.608161098,-6164922.61367656,794508.6178573224,-2616254.8250606447,549216.9783906601,2163516.7847919655,-2636928.111910873,2031208.499291521,-864890.5376417774,8
1714440600.0,-2916660.1640315983,-6180894.797393916,566884.2226185306,-2635723.380931145,533244.7946733041,1935892.3895531734,-2655711.914591608,1811589.4702053666,-802748.350294408,9
1714440630.0,-2932949.383984936,-6189935.258531091,338626.6858707085,-2652012.6008844827,524204.33353612944,1707634.8528053514,-2671608.948339373,1589932.6876921034,-747393.795013611,9
1714440660.0,-2946010.774533326,-6192047.78373382,109990.89730195611,-2665073.9914328726,522091.80833340064,1478999.064236599,-2684570.603757485,1366488.2014627378,-698876.3387451514,9
1714440690.0,-2955799.682697163,-6187244.395362317,-118767.8612426599,-2674862.8995967098,526895.1967049036,1250240.305691983,-2694551.76429777,1141508.1300973424,-657237.3090199985,9
1714440720.0,-2962274.544045565,-6175543.988039715,-347393.97642776766,-2681337.760945112,538595.604027505,1021614.1905068753,-2701510.111958931,915246.321730952,-622511.2470747223,9
1714440750.0,-2965398.6288022078,-6156975.200776944,-575632.194527546,-2684461.8457017546,557164.3912902763,793375.972407097,-2705407.751793861,687958.2679708742,-594722.8863995787,9
1714440780.0,-2965138.454390751,-6131573.214612673,-803227.6506391739,-2684201.671290298,582566.3774545472,565780.516295469,-2706209.7597206943,459900.41941211757,-573890.3462637555,9
1714440810.0,-2961464.6696275505,-6099381.270888634,-1029926.2912236012,-2680527.8865270973,614758.3211785862,339081.87571104174,-2703885.002469529,231330.08376282483,-560023.5246041918,8
1714440840.0,-2954352.0939165745,-6060451.015366164,-1255474.9410171392,-2673415.3108161213,653688.5767010562,113533.2259175037,-2698406.162356948,2505.4296702644497,-553123.7461716537,8
1714440870.0,-2943779.483778418,-6014841.104848286,-1479621.9220117382,-2662842.700677965,699298.4872189341,-110613.75507709524,-2689749.5622706725,-226315.4011845128,-553185.0115867949,9
1714440900.0,-2929729.7149168276,-5962617.713169112,-1702117.0919280157,-2648792.9318163744,751521.8788981084,-333108.92499337276,-2677895.3264235337,-454874.22872294905,-560193.4869095397,8
1714440930.0,-2912189.9720402113,-5903854.773838052,-1922712.2852351498,-2631253.188939758,810284.8182291687,-553704.1183005068,-2662827.55986505,-682913.2162253081,-574127.1698057998,7
1714440960.0,-2891151.612623649,-5838633.482812055,-2141161.5224451926,-2610214.829523196,875506.1092551649,-772153.3555105496,-2644534.2331496393,-910175.17627148,-594956.3397686917,7
1714440990.0,-2866610.1166250957,-5767041.735867895,-2357221.057437287,-2585673.3335246425,947097.8561993251,-988212.8905026442,-2623007.1556179826,-1136403.7304119207,-622644.1013581678,7
1714441020.0,-2838565.6824472076,-5689175.616583066,-2570650.315342548,-2557628.8993467544,1024963.9754841542,-1201642.148407905,-2598242.5086313356,-1361343.924385999,-657144.7150535507,7
1714441050.0,-2807022.597777761,-5605137.632134663,-2781211.5715914685,-2526085.814677308,1109001.9599325573,-1412203.4046568256,-2570240.290716141,-1584742.2729687965,-698405.4142241478,7
1714441080.0,-2771989.1734308437,-5515036.455016196,-2988670.063285344,-2491052.3903303905,1199103.1370510245,-1619661.8963507009,-2539004.2622608445,-1806346.9214524284,-746366.63827325,7
1714441110.0,-2733478.9537340077,-5418989.0848417515,-3192795.3128744597,-2452542.1706335545,1295150.5072254688,-1823787.1459398167,-2504543.064468523,-2025908.498440365,-800959.601332906,7
1714441140.0,-2691509.2281722478,-5317117.86793379,-3393360.1983302026,-2410572.4450717946,1397021.72413343,-2024352.0313955597,-2466868.8569011115,-2243179.815463496,-862109.4570900165,7
1714441170.0,-2646101.733960185,-5209551.607204302,-3590141.6638052897,-2365164.950859732,1504587.984862918,-2221133.4968706467,-2425997.973037694,-2457916.3345717755,-929734.0409774471,7
1714441200.0,-2597282.7597483797,-5096425.610739595,-3782921.1728745955,-2316345.9766479265,1617713.981327625,-2413913.0059399526,-2381951.0218590144,-2669876.60172263,-1003743.7273531476,6
1714441230.0,-2545082.950062214,-4977881.185852158,-3971484.822776205,-2264146.1669617607,1736258.4062150624,-2602476.655841562,-2334752.7136089867,-2878822.461852684,-1084041.909774852,6
1714441260.0,-2489537.2096489146,-4854065.242221436,-4155623.282414719,-2208600.4265484614,1860074.3498457838,-2786615.115480076,-2284431.780816432,-3084519.0785750886,-1170525.4058022206,6
1714441290.0,-2430684.7066979483,-4725130.2186894845,-4335132.093961219,-2149747.923597495,1989009.3733777357,-2966123.9270265764,-2231020.984573037,-3286735.2442963594,-1263084.467947693,6
1714441320.0,-2368569.1830732226,-4591234.4252500115,-4509812.54204214,-2087632.3999727692,2122905.1668172088,-3140804.375107497,-2174557.4101971434,-3485244.160475019,-1361602.261690666,6
1714441350.0,-2303238.0014147833,-4452540.150961959,-4679469.929621697,-2022301.2183143299,2261599.4411052614,-3310461.7626870545,-2115081.59426905,-3679822.1362662916,-1465957.1026620185,6
1714441380.0,-2234744.1031872863,-4309217.289582746,-4843918.133454143,-1953807.3200868329,2404922.302484474,-3474909.9665195,-2052639.3293945042,-3870252.307265112,-1576017.9129567752,6
1714441410.0,-2163143.9572481075,-4161439.207291764,-5002975.558430437,-1882207.174147654,2552700.384775456,-3633967.391495794,-1987279.787320149,-4056321.518616035,-1691649.1621555858,7
1714441440.0,-2088497.4717835023,-4009382.432492262,-5156464.856541593,-1807560.6886830488,2704757.159574958,-3787456.6896069497,-1919055.443914802,-4237820.1126810275,-1812711.2309824473,6
1714441470.0,-2010869.9218434945,-3853230.349725691,-5304217.996705817,-1729933.138743041,2860909.242341529,-3935209.829771174,-1848023.8505914952,-4414546.138234393,-1939055.6987381782,6
1714441500.0,-1930329.563853576,-3693168.3389091305,-5446070.6468223315,-1649392.7807531226,3020971.2531580897,-4077062.4798876885,-1774245.4541136231,-4586300.842282576,-2070531.3267737129,6
1714441530.0,-1846949.0725998317,-3529386.5636717696,-5581866.148830825,-1566012.2894993783,3184753.0283954507,-4212857.9818961825,-1697784.9157546493,-4752891.992612484,-2206980.4722198094,6
1714441560.0,-1760805.4210302185,-3362079.5803313307,-5711455.611496551,-1479868.637929765,3352060.0117358896,-4342447.444561908,-1618711.0075515918,-4914134.048152564,-2348239.4569992577,7
1714441590.0,-1671978.9782466672,-3191444.516552759,-5834695.925753489,-1391042.1951462138,3522695.0755144614,-4465687.758818846,-1537095.7872286604,-5069846.58776402,-2494140.7860056637,7
1714441620.0,-1580553.7404940717,-3017681.3776062233,-5951450.388583657,-1299616.9573936183,3696458.214460997,-4582442.221649014,-1453014.8161808907,-5219854.858021907,-2644512.712598808,7
1714441650.0,-1486618.4416578081,-2840995.274897898,-6061592.995239131,-1205681.6585573547,3873144.317169322,-4692584.828304488,-1366548.175834897,-5363993.52152822,-2799176.149934423,7
1714441680.0,-1390264.2184801982,-2661591.561257211,-6165001.087320024,-1109327.4353797447,4052548.030810009,-4795992.920385381,-1277778.3382806021,-5502100.450447386,-2957951.004445901,7
1714441710.0,-1291586.3149639072,-2479679.3149093273,-6261561.568540716,-1010649.5318634538,4234460.277157893,-4892553.401606073,-1186791.7235336783,-5634022.1022923235,-3120651.447772505,7
1714441740.0,-1190683.326973215,-2295469.672611278,-6351168.746932588,-909746.5438727615,4418669.919455942,-4982160.579997945,-1093678.0144821014,-5759611.746876403,-3287088.0125059816,7
1714441770.0,-1087656.9301728134,-2109175.2288518297,-6433723.02390838,-806720.1470723599,4604964.363215391,-5064714.8569737375,-998529.9101798375,-5878728.304916108,-3457068.4546420434,7
1714441800.0,-982612.3901185256,-1921011.1455141238,-6509134.76181867,-701675.6070180722,4793128.446553096,-5140126.594884027,-901443.5891010797,-5991239.909866342,-3630395.8698973935,7
1714441830.0,-875657.9365944746,-1731193.7453212733,-6577321.356053828,-594721.1534940212,4982945.846745947,-5208313.189119185,-802518.1428267884,-6097021.327141049,-3806870.684011981,8
1714441860.0,-766904.8112674406,-1539940.5949059937,-6638208.136534721,-485968.0281669872,5174198.997161226,-5269199.969600078,-701855.6201845785,-6195954.820171088,-3986290.3884529304,8
1714441890.0,-656467.1697562244,-1347470.302066471,-6691728.53630542,-375530.386655771,5366669.29000075,-5322720.369370777,-599560.937879616,-6287930.357064217,-4168449.709008467,8
1714441920.0,-544461.907494662,-1154002.1939042527,-6737824.174140464,-263525.1243942086,5560137.3981629675,-5368816.007205821,-495741.71996563266,-6372845.757571596,-4353140.9113597665,8
1714441950.0,-431008.60706686944,-959756.1533301639,-6776444.376153376,-150071.82396641606,5754383.438737056,-5407436.209218733,-390508.25206124276,-6450606.257688595,-4540154.059332196,8
1714441980.0,-316229.37030349526,-764952.3383168612,-6807547.487070043,-35292.58720304188,5949187.253750359,-5438539.3201354,-283973.32532990794,-6521125.851955177,-4729277.033228124,8
1714442010.0,-200248.61581854805,-569810.8190590856,-6831098.994471058,80688.16728190533,6144328.773008134,-5462090.827536415,-176252.04936263856,-6584325.530413152,-4920296.269947315,8
1714442040.0,-83193.08286564052,-374551.4893532685,-6847072.274978331,197743.70023481286,6339588.102713952,-5478064.108043688,-67461.85973572943,-6640134.0273403395,-5112996.699718209,21
1714442070.0,34808.16708686929,-179394.0255613542,-6855453.025033371,315744.9501873227,6534745.566505866,-5486444.858098728,42277.47869991936,-6688492.169985373,-5307160.896405347,21
1714442100.0,153624.37933771202,15442.942025613944,-6856230.804893868,434561.1624381654,6729582.534092834,-5487222.637959225,152844.4656087911,-6729344.766372989,-5502571.612457249,21
1714442130.0,273122.85532856296,209741.62043105662,-6849405.015404003,554059.6384290163,6923881.2124982765,-5480396.84846936,264115.62349298474,-6762646.416325221,-5699010.364056743,21
1714442160.0,393169.2434270155,403285.4245246627,-6834984.339983304,674106.0265274688,7117425.016591883,-5465976.173048661,375965.7727305258,-6788361.041604844,-5896257.917756063,7
1714442190.0,513627.53560466756,595859.1394558594,-6812982.944562511,794564.3187051209,7309998.73152308,-5443974.777627868,488268.0214656675,-6806458.195829927,-6094095.212458564,7
1714442220.0,634360.4141064705,787249.2275713203,-6783426.126115217,915297.197206924,7501388.819638541,-5414417.959180574,600894.0991441758,-6816918.662425428,-6292302.539674943,7
1714442250.0,755229.169306325,977243.9871140707,-6746346.143800635,1036165.9524067785,7691383.579181291,-5377337.976865992,713714.2678061689,-6819730.401846667,-6490660.532683105,8
1714442280.0,876094.1825013809,1165633.9116039467,-6701784.273426481,1157030.9656018342,7879773.503671167,-5332776.106491838,826597.7894340826,-6814890.64034996,-6688950.125472844,8
1714442310.0,996814.8418397135,1352211.8291142054,-6649789.683652457,1277751.624940167,8066351.421181425,-5280781.516717814,939412.836131251,-6802404.7963295,-6886952.911304579,8
1714442340.0,1117250.0537124558,1536773.6893899364,-6590421.740804167,1398186.8368129092,8250913.281457157,-5221413.5738695245,1052026.968160698,-6782288.900402597,-7084451.471207229,7
1714442370.0,1237257.3369946135,1719116.527278087,-6523741.1867235,1518194.120095067,8433256.119345307,-5154733.019788857,1164306.314118615,-6754560.536752539,-7281229.1152192615,6
1714442400.0,1356694.4984103465,1899042.182933976,-6449823.981608607,1637631.2815108,8613181.775001196,-5080815.814673964,1276117.0893080765,-6719253.16446954,-7477070.812302002,6
1714442430.0,1475418.8180702594,2076355.0536146536,-6368751.382823098,1756355.6011707128,8790494.645681873,-4999743.2158884555,1387324.8759768577,-6676405.9405446835,-7671762.948886229,7
1714442460.0,1593287.5319346308,2250863.099241776,-6280612.823512122,1874224.3150350843,8965002.691308996,-4911604.656577479,1497795.0633203252,-6626066.745654808,-7865093.75476101,7
1714442490.0,1710157.9499822962,2422377.8901003846,-6185505.43280353,1991094.7330827496,9136517.482167605,-4816497.265868887,1607392.9635529197,-6568291.724700779,-8056853.450953075,7
1714442520.0,1825887.6195538405,2590714.8417206323,-6083533.940332452,2106824.402654294,9304854.433787853,-4714525.773397809,1715983.9652890833,-6503145.241776373,-8246834.505485447,7
1714442550.0,1940334.5363075018,2755693.5028828136,-5974810.800184907,2221271.3194079553,9469833.094950033,-4605802.633250264,1823433.7322744043,-6430700.061144876,-8434831.899017638,7
1714442580.0,2053357.1382354472,2917137.487098197,-5859455.541845064,2334293.9213359007,9631277.079165418,-4490447.374910421,1929608.200271632,-6351036.697610574,-8620643.187879376,7
1714442610.0,2164814.485893622,3074874.685173684,-5737594.760174961,2445751.2689940752,9789014.277240904,-4368586.593240318,2034373.7482464914,-6264243.450865844,-8804068.721516283,7
1714442640.0,2274566.999050447,3228738.157055205,-5609363.426357034,2555503.7821509,9942877.749122426,-4240355.259422391,2137597.897087971,-6170417.874855929,-8984912.282305047,7
1714442670.0,2382476.0526934457,3378565.532442033,-5474903.0697607305,2663412.835793899,10092705.124509253,-4105894.9028260875,2239148.931026056,-6069664.873028916,-9162980.847465744,7
1714442700.0,2488403.7541188044,3524198.8364902795,-5334361.046258679,2769340.5372192576,10238338.4285575,-3965352.8793240357,2338895.6822027946,-5962095.944714569,-9338084.556273723,7
1714442730.0,2592215.0243215985,3665486.7346367617,-5187894.294069919,2873151.8074220517,10379626.326703982,-3818886.127135276,2436709.516395814,-5847833.332341263,-9510038.238219123,8
1714442760.0,2693775.134314054,3802281.8339741873,-5035663.70034172,2974711.9174145074,10516421.426041408,-3666655.533407077,2532461.984309107,-5727003.940631526,-9678659.802079812,8
1714442790.0,2792951.5767103704,3934442.630685691,-4877837.414584613,3073888.3598108236,10648582.22275291,-3508829.2476499705,2626026.6101072147,-5599742.988992313,-9843771.553257113,8
1714442820.0,2889613.836056962,4061833.3203679672,-4714589.989536642,3170550.6191574153,10775972.912435187,-3345581.822601999,2717278.669875884,-5466193.129895619,-10005200.171251988,8
1714442850.0,2983633.5675392603,4184323.8306369963,-4546101.966435794,3264570.3506397135,10898463.422704216,-3177093.799501151,2806095.3688095165,-5326504.050642282,-10162776.832183389,8
1714442880.0,3074884.857794166,4301790.212594776,-4372559.9464128185,3355821.6408946193,11015929.804661997,-3003551.7794781756,2892356.085429963,-5180832.624036031,-10316337.588288972,8
1714442910.0,3163243.7585416418,4414113.802547906,-4194155.590915113,3444180.541642095,11128253.394615125,-2825147.4239804703,2975941.940671006,-5029341.757058074,-10465722.729075136,8
1714442940.0,3248589.533826884,4521182.972394765,-4011086.6643621344,3529526.316927337,11235322.564461986,-2642078.4974274915,3056736.9708534856,-4872201.77395984,-10610778.336239059,8
1714442970.0,3330804.332297166,4622892.306674676,-3823556.33621334,3611741.115397619,11337031.898741897,-2454548.169278697,3134627.8346529156,-4709589.5646765325,-10751355.604925523,8
1714443000.0,3409772.9696635124,4719142.477547291,-3631772.3873512642,3690709.7527639656,11433282.069614511,-2262764.2204166213,3209503.6009779545,-4541687.78046664,-10887310.871826109,8
1714443030.0,3485383.5332627646,4809840.814051442,-3435947.554369298,3766320.316363218,11523980.406118661,-2066939.3874346549,3281256.3292055037,-4368685.2904806435,-11018506.12797274,7
1714443060.0,3557527.0355998944,4894900.773237299,-3236298.727349582,3838463.8187003476,11609040.365304518,-1867290.5604149392,3349780.7451357534,-4190776.286858229,-11144808.648010992,7
1714443090.0,3626098.9413906257,4974243.678506765,-3033048.272627691,3907035.724491079,11688383.270573985,-1664040.1056930479,3414975.694026762,-4008161.942155841,-11266092.488538263,7
1714443120.0,3690997.419779713,5047796.546198403,-2826421.553378549,3971934.202880166,11761936.138265625,-1457413.386443906,3476742.4852024796,-3821047.529684089,-11382236.787166102,8
1714443150.0,3752124.794966265,5115493.728661521,-2616648.2695876225,4033061.5780667183,11829633.320728742,-1247640.1026529795,3534986.272719541,-3629644.0780349732,-11493127.161029402,8
1714443180.0,3809387.6498591322,5177276.866539482,-2403961.922726996,4090324.4329595855,11891416.458606701,-1034953.7557923528,3589616.160926874,-3434167.837959704,-11598655.771832054,8
1714443210.0,3862695.0836128118,5233092.768024072,-2188598.0886035697,4143631.866713265,11947232.360091291,-819589.9216689267,3640543.552184803,-3234838.1502558016,-11698719.525608381,8
1714443240.0,3911962.092945064,5282897.293302966,-1970796.8905582558,4192898.876045517,11997036.885370187,-601788.7236236129,3687685.362833415,-3031880.6763665345,-11793223.516518991,7
1714443270.0,3957107.330888054,5326652.548719724,-1750800.6363018302,4238044.113988508,12040792.140786944,-381792.46936718724,3730961.9012040077,-2825524.5015639616,-11882078.663358558,7
1714443300.0,3998053.9588254844,5364327.856623492,-1528854.2305912897,4278990.741925938,12078467.448690712,-159846.06365664676,3770297.6783658047,-2616002.7409673864,-11965202.610837653,7
1714443330.0,4034729.6460119924,5395899.549991781,-1305204.733845253,4315666.429112446,12110039.142059002,63803.43308938993,3805621.416231773,-2403552.065938634,-12042519.617184918,7
1714443360.0,4067066.681117193,5421350.968360433,-1080101.159089365,4348003.464217646,12135490.560427655,288907.0078452779,3836866.159175301,-2188412.505283928,-12113960.59550929,9
1714443390.0,4095002.283909874,5440672.828836411,-853794.2426034999,4375939.067010327,12154812.42090363,515213.92433114303,3863969.5699313474,-1970827.2976322314,-12179463.535760405,9
1714443420.0,4118478.4516467834,5453862.769373155,-626536.0445962093,4399415.234747237,12168002.361440375,742472.1223384336,3886873.7952133436,-1751042.407315433,-12238973.13160141,9
1714443450.0,4137442.3766556173,5460925.77180908,-398579.72640493826,4418379.159756071,12175065.3638763,970428.4405297047,3905525.8652455765,-1529306.3944939936,-12292441.256311687,9
1714443480.0,4151845.508417709,5461872.854769597,-170179.33857024857,4432782.291518162,12176012.446836818,1198828.8283643944,3919876.8113103537,-1305869.9374110566,-12339825.68758397,9
1714443510.0,4161645.695972666,5456723.674851062,58410.64251036526,4442582.479073119,12170863.266918283,1427418.8094450082,3929883.6975346105,-1080985.91838771,-12381092.834279407,9
1714443540.0,4166804.9631511616,5445503.430190256,286935.5508959642,4447741.746251615,12159643.022257477,1655943.7178306072,3935507.5275170067,-854908.5523611298,-12416214.662072487,9
1714443570.0,4167291.56360051,5428245.495805987,515140.6459040694,4448228.346700964,12142385.087873207,1884148.8128387122,3936715.1873838613,-627893.8204435515,-12445171.380065093,9
1714443600.0,4163078.537548261,5404989.331725848,742771.6839178606,4444015.320648715,12119128.923793068,2111779.8508525034,3933478.0912673064,-400198.47792252223,-12467949.44904468,9
1714443630.0,4154144.462299075,5375781.32678647,969575.0350898874,4435081.245399528,12089920.918853689,2338583.2020245306,3925772.895870143,-172080.11554011935,-12484542.461544558,8
1714443660.0,4140473.545120436,5340674.799716128,1195298.0385321246,4421410.32822089,12054814.39178335,2564306.205466768,3913581.5932250954,56203.18746411614,-12494951.218037201,8
1714443690.0,4122055.3659308907,5299729.474525518,1419689.2163042785,4402992.149031344,12013869.066592738,2788697.3832389214,3896891.275539793,284393.1804027967,-12499183.245896967,8
1714443720.0,4098885.008310023,5253011.583310355,1642498.568944649,4379821.791410477,11967151.175377576,3011506.735879292,3875694.2617944637,512231.70892421715,-12497252.964734588,8
1714443750.0,4070963.345794772,5200594.024514739,1863477.9337759526,4351900.128895225,11914733.61658196,3232486.1007105955,3849988.3771715867,739461.0318603399,-12489181.924981216,8
1714443780.0,4038296.931605847,5142556.120003741,2082381.2826553222,4319233.714706301,11856695.71207096,3451389.449589965,3819776.853034542,965824.1625790885,-12474998.625396252,8
1714443810.0,4000897.775482197,5078983.1672660215,2298964.873600181,4281834.5585826505,11793122.759333242,3667973.040534824,3785068.122677786,1191065.1092433608,-12454738.096086096,8
1714443840.0,3958783.198536683,5009966.166196761,2512987.3874901515,4239719.981637136,11724105.758263981,3881995.5544247944,3745875.6877315245,1414929.064766347,-12428441.652595352,8
1714443870.0,3911977.4903801284,4935603.644530625,2724211.245486406,4192914.2734805816,11649743.236597845,4093219.412421049,3702219.6975230104,1637163.3172152573,-12396159.015020434,8
1714443900.0,3860509.3008421953,4855998.387879998,2932401.2973944726,4141446.0839426485,11570137.979947219,4301409.464329116,3654124.479781661,1857516.6428954257,-12357944.737239605,8
1714443930.0,3804413.3347066585,4771259.37248905,3137326.0817820854,4085350.1178071117,11485398.96455627,4506334.248716729,3601620.153092032,2075740.1387706385,-12313860.421102393,7
1714443960.0,3743729.908092423,4681501.116680853,3338757.865181344,4024666.691192876,11395640.708748072,4707766.032115987,3544742.2107760566,2291587.3947202195,-12263974.071349004,8
1714443990.0,3678504.9098486677,4586843.439300644,3536472.8319225763,3959441.692949121,11300983.031367864,4905480.998857219,3483531.4924204606,2504814.7282969397,-12208359.895723056,8
1714444020.0,3608789.7793008853,4487411.388028493,3730251.3606440844,3889726.5624013385,11201550.980095714,5099259.527578727,3418034.1646392094,2715181.4701742628,-12147098.2894236,8
1714444050.0,3534641.59727065,4383335.127414372,3919878.274296948,3815578.380371103,11097474.719481591,5288886.441231592,3348301.816694511,2922450.230759128,-12080275.779450897,8
1714444080.0,3456122.784745702,4274749.426092797,4105143.0241748,3737059.5678461553,10988889.018160017,5474151.191109443,3274391.1808678284,3126387.1858904995,-12007984.547323,8
1714444110.0,3373301.154079543,4161794.007246213,4285840.081103172,3654237.937179996,10875933.599313434,5654848.248037815,3196364.168963252,3326762.389310687,-11930322.85275518,8
1714444140.0,3286250.3852311475,4044613.348405301,4461769.483470109,3567187.1683316007,10758752.94047252,5830777.650404752,3114288.3565003998,3523350.345702318,-11847394.967270263,8
1714444170.0,3195048.886900636,3923355.739768754,4632736.1708564665,3475985.670001089,10637495.331835974,6001744.337791109,3028235.8842136064,3715929.5563990916,-11759310.072046466,8
1714444200.0,3099780.4058124647,3798173.74601986,4798550.771699486,3380717.188912918,10512313.33808708,6167558.938634129,2938284.0474957554,3904283.193226427,-11666182.893062418,8
1714444230.0,3000532.764873021,3669223.0955018234,4959028.301461297,3281469.547973474,10383362.687569045,6328036.46839594,2844514.0820981534,4088198.056666588,-11568132.30074069,6
1714444260.0,2897402.7772651976,3536665.976105926,5113995.021629304,3178339.560365651,10250805.568173146,6483003.188563947,2747015.9361411175,4267470.59256616,-11465286.114553574,6
1714444290.0,2790486.290715442,3400664.0412317053,5263275.287900832,3071423.0738158952,10114803.633298926,6632283.4548354745,2645878.6154775224,4441895.495155275,-11357771.20856589,6
1714444320.0,2679887.48126269,3261384.2588720163,5406703.416364407,2960824.264363143,9975523.850939237,6775711.58329905,2541199.224809914,4611276.079872714,-11245721.999950528,4
1714444350.0,2565716.8153414866,3118998.5491438783,5544125.906930119,2846653.59844194,9833138.141211098,6913134.073864762,2433080.9467086624,4775426.551337585,-11129280.457263904,5
1714444380.0,2448086.2695990657,2973678.9051469243,5675388.313581764,2729023.052699519,9687818.497214144,7044396.480516407,2321628.4695854085,4934160.160190504,-11008588.492383627,5
1714444410.0,2327113.532184638,2825600.9195504836,5800345.599944131,2608050.3152850913,9539740.511617703,7169353.766878774,2206952.0378769464,5087298.604831481,-10883793.66390727,6
1714444440.0,2202921.7494620644,2674943.9670935497,5918864.140798185,2483858.5325625176,9389083.559160769,7287872.307732828,2089167.1913497427,5234673.957668849,-10755049.747351106,6
1714444470.0,2075634.9264514702,2521885.684892654,6030803.412097199,2356571.7095519234,9236025.276959874,7399811.579031842,1968390.4003188545,5376111.874263491,-10622507.467232566,6
1714444500.0,1945384.5801636185,2366609.497989868,6136043.385649989,2226321.3632640718,9080749.090057088,7505051.552584632,1844745.3985527114,5511456.86410192,-10486327.636771325,6
1714444530.0,1812307.8336463317,2209302.581428108,6234479.804027852,2093244.6167467851,8923442.173495328,7603487.970962495,1718361.364183262,5640568.086664638,-10346678.136271974,6
1714444560.0,1676539.4190023548,2050146.3759390013,6325986.895996047,1957476.2021028083,8764285.968006222,7694995.06293069,1589365.3262161578,5763284.796542472,-10203716.815116026,6
1714444590.0,1538222.9097616882,1889329.693397583,6410470.106564367,1819159.6928621416,8603469.285464803,7779478.27349901,1457892.8391968086,5879475.275418045,-10057615.368320677,7
1714444620.0,1397504.621245307,1727041.3512582944,6487839.085649819,1678441.4043457604,8441180.943325514,7856847.252584462,1324082.1968313307,5989011.900080438,-9908546.453085702,6
1714444650.0,1254533.4101856204,1563470.1938715403,6558006.881190408,1535470.1932860739,8277609.78593876,7927015.048125051,1188074.2308910277,6091770.349382102,-9756683.539411427,6
1714444680.0,1109461.703494179,1398806.1355995531,6620895.952174881,1390398.4865946325,8112945.727666773,7989904.1191095235,1050013.2954722173,6187635.276837528,-9602203.180745652,6
1714444710.0,962445.1088835238,1233239.5813491847,6676437.160451628,1243381.8919839773,7947379.173416405,8045445.327386271,910046.902183688,6276499.442507502,-9445284.22840504,6
1714444740.0,813642.129161394,1066961.1756069802,6724569.062567378,1094578.9122618474,7781100.7676742,8093577.229502021,768325.44518252,6358263.072018085,-9286107.432023292,6
1714444770.0,663214.0677982855,900161.6681628218,6765238.652112091,944150.850898739,7614301.260230042,8134246.819046734,625002.1124377559,6432834.611517175,-9124855.453336265,7
1714444800.0,511324.8304215932,733031.6072997982,6798400.90932891,792261.6135220466,7447171.199367018,8167409.0762635525,480232.70022458537,6500130.349686415,-8961712.46730752,8
1714444830.0,358140.7372824656,565761.2157055169,6824019.204122103,639077.520382919,7279900.807772737,8193027.371056746,334175.4309427988,6560074.8390112985,-8796864.113925997,8
1714444860.0,203830.37563552082,398540.05281789874,6842064.626921928,484767.1587359742,7112679.644885119,8211072.7938565705,186990.8197415261,6612600.309265794,-8630497.027297672,21
1714444890.0,48564.42314163231,231557.01712442722,6852518.089412639,329501.20624208567,6945696.609191648,8221526.256347282,38841.497980289976,6657648.726465521,-8462799.252533749,21
1714444920.0,-107484.6260457237,64999.85815045649,6855367.36231018,173452.1570547297,6779139.450217676,8224375.529244823,-110108.04004337054,6695168.991208902,-8293959.16200449,21
1714444950.0,-264142.55602584005,-100944.84982039954,6850609.058906567,16794.22707461333,6613194.742246821,8219617.22584121,-259691.53065779633,6725118.887881005,-8124165.824074515,21
1714444980.0,-421233.6644438927,-266091.96651487536,6838248.147144943,-140296.88134343934,6448047.625552345,8207256.3140795855,-409741.1650865413,6747464.660564777,-7953608.642205633,21
1714445010.0,-578580.9971665744,-430258.09052123333,6818299.153427389,-297644.21406612097,6283881.501545987,8187307.320362032,-560087.811174239,6762182.255462032,-7782477.288716049,9
1714445040.0,-736006.3486128728,-593261.3029745037,6790781.094952459,-455069.5655124194,6120878.289092717,8159789.261887102,-710561.0244325808,6769252.305043991,-7610960.937947603,9
1714445070.0,-893330.7731343504,-754922.136305116,6755725.833825535,-612393.9900338971,5959217.455762104,8124734.000760178,-860989.5184740364,6768668.510639646,-7439248.974819368,9
1714445100.0,-1050374.454666158,-915063.0586662426,6713170.637306892,-769437.6715657045,5799076.533400978,8082178.804241535,-1011201.0563308436,6760430.249705104,-7267530.010735772,9
1714445130.0,-1206957.2358136252,-1073509.1759497833,6663162.8348633265,-926020.4527131717,5640630.416117437,8032171.001797969,-1161022.949730581,6744547.283299798,-7095992.110038504,9
1714445160.0,-1362898.6297635366,-1230088.129147974,6605757.008457187,-1081961.8466630832,5484051.462919246,7974765.17539183,-1310282.075287926,6721036.983121152,-6924822.325729411,9
1714445190.0,-1518017.8812661462,-1384630.1924004548,6541015.175075151,-1237081.0981656928,5329509.399666766,7910023.342009794,-1458804.9313344047,6689924.530499529,-6754206.637662942,9
1714445220.0,-1672134.663122537,-1536968.9621478228,6469009.431086233,-1391197.8800220836,5177170.629919398,7838017.598020876,-1606418.3049861058,6651245.651008132,-6584329.780540604,9
1714445250.0,-1825068.7314260062,-1686940.941988751,6389818.24371602,-1544131.9483255527,5027198.650078469,7758826.410650663,-1752948.9450419266,6605042.895296541,-6415374.919610684,9
1714445280.0,-1976640.4188455248,-1834385.9947325857,6303528.43003724,-1695703.6357450713,4879753.5973346345,7672536.5969718825,-1898224.0359372783,6551367.672608842,-6247523.585432715,8
1714445310.0,-2126670.7962526786,-1979147.504796052,6210234.721716473,-1845734.0131522252,4734992.087271169,7579242.888651116,-2042071.3524405698,6490279.858338426,-6080955.420900913,8
1714445340.0,-2274981.8830387294,-2121072.545322187,6110039.648512415,-1994045.099938276,4593067.046745034,7479047.815447058,-2184319.4627998285,6421847.715196996,-5915847.985663544,8
1714445370.0,-2421396.4507237943,-2260011.6809016056,6003052.518246621,-2140459.667623341,4454127.911165615,7372060.685181264,-2324797.540771006,6346146.852733511,-5752376.752413534,8
1714445400.0,-2565740.2511556186,-2395820.8530452996,5889393.624172394,-2284803.4680551654,4318318.739021921,7258401.791107037,-2463337.513044708,6263264.746008694,-5590714.015114885,7
1714445430.0,-2707837.8561541005,-2528357.688180863,5769185.009756743,-2426901.0730536473,4185781.9038863573,7138193.176691386,-2599770.0568757486,6173290.91280535,-5431030.818390012,7
1714445460.0,-2847518.05200738,-2657486.323238767,5642560.7661154345,-2566581.2689069267,4056653.268828453,7011568.933050077,-2733929.788124734,6076328.014804872,-5273494.081386192,6
1714445490.0,-2984610.192673792,-2783074.0219037505,5509659.483861599,-2703673.409573339,3931065.5701634698,6878667.650796242,-2865651.759109159,5972483.753656787,-5118268.54321748,6
1714445520.0,-3118946.6718800063,-2904993.3683104445,5370628.25527928,-2838009.888779553,3809146.2237567757,6739636.422213923,-2994773.8368307147,5861875.252529306,-4965515.318315135,7
1714445550.0,-3250362.7441241764,-3023122.0442970996,5225621.662362399,-2969425.9610237232,3691017.5477701207,6594629.8292970415,-3121136.5334470575,5744628.018568223,-4815391.918553044,6
1714445580.0,-3378695.1338963723,-3137341.5568736163,5074799.056039429,-3097758.350795919,3576798.035193604,6443807.222974072,-3244581.6699075713,5620873.010545346,-4668053.009335499,6
1714445610.0,-3503783.9538985025,-3247538.855865925,4918327.169050978,-3222847.1707980493,3466600.736201295,6287335.3359856205,-3364954.2248690804,5490749.539183755,-4523649.272454141,6
1714445640.0,-3625472.362828866,-3353605.9933373467,4756379.153045811,-3344535.579728413,3360533.5987298735,6125387.319980454,-3482102.0070178043,5354404.252661551,-4382327.560080538,7
1714445670.0,-3743606.6229365566,-3455440.0762540097,4589134.110489125,-3462669.8398361034,3258699.5158132105,5958142.277423768,-3595875.714552317,5211990.669041828,-4244230.844736195,7
1714445700.0,-3858036.6122401706,-3552943.68344763,4416777.369403439,-3577099.8291397174,3161195.90861959,5785785.536338082,-3706129.4295229055,5063669.533378539,-4109497.8453774345,7
1714445730.0,-3968616.2192890486,-3646025.119205042,4239500.318808567,-3687679.4361885954,3068114.4728621785,5608508.48574321,-3812721.001646136,4909608.710704683,-3978262.7299749055,7
1714445760.0,-4075201.707437314,-3734596.879238769,4057498.5166092874,-3794264.924336861,2979542.7128284513,5426506.68354393,-3915510.478140527,4749981.010937469,-3850656.3039921233,7
1714445790.0,-4177654.9725695695,-3818578.466273354,3870974.5072260876,-3896718.1894691163,2895561.1257938663,5239982.67416073,-4014363.2408958343,4584967.541392872,-3726803.6869911524,7
1714445820.0,-4275841.441959453,-3897894.4416699833,3680135.2567112693,-3994904.6588589996,2816245.150397237,5049143.423645912,-4109147.9886222705,4414754.785580955,-3606825.7906152983,7
1714445850.0,-4369631.1410666155,-3972475.308125871,3485192.8711233605,-4088694.3579661623,2741664.2839413495,4854201.038058003,-4199737.765812723,4239535.4930114,-3490838.5552027905,7
1714445880.0,-4458898.436260065,-4042257.128991492,3286363.92999901,-4177961.653159612,2671882.463075728,4655372.096933654,-4286009.72160584,4059507.9477017256,-3378953.1990720164,7
1714445910.0,-4543522.58830615,-4107181.99908546,3083869.546489185,-4262585.805205697,2606957.5929817604,4452877.713423828,-4367845.643107246,3874876.12620204,-3271275.747110217,7
1714445940.0,-4623387.598408028,-4167197.732457618,2877934.9421200277,-4342450.815307574,2546941.859609602,4246943.109054671,-4445131.814616979,3685849.2170774112,-3167907.2572904965,8
1714445970.0,-4698382.659816107,-4222258.222069794,2668789.378366082,-4417445.876715654,2491881.369997426,4037797.545300725,-4517759.453808314,3492641.6298348713,-3068943.4363896265,9
1714446000.0,-4768402.294773625,-4272323.456729457,2456665.8162592635,-4487465.511673172,2441816.1353377635,3825673.9831939065,-4585624.847845678,3295472.6660142355,-2974474.549447698,9
1714446030.0,-4833345.551477211,-4317358.753042581,2241800.2152600815,-4552408.768376757,2396780.8390246397,3610808.3821947244,-4648628.5831562355,3094565.671495703,-2884586.0635973644,9
1714446060.0,-4893118.829448628,-4357336.825052673,2024432.637207834,-4612182.046348175,2356802.7670145473,3393440.804142477,-4706678.281808267,2890149.556944306,-2799356.728345287,9
1714446090.0,-4947632.936468983,-4392235.511063768,1804805.2328065105,-4666696.15336853,2321904.0810034527,3173813.399741153,-4759685.756050738,2682456.344504171,-2718860.516668456,9
1714446120.0,-4996803.870143767,-4422038.305703009,1583162.7689697992,-4715867.087043314,2292101.2863642117,2952170.9359044423,-4807567.766951665,2471721.7977179764,-2643166.1781399557,8
1714446150.0,-5040554.711373123,-4446735.534867275,1359752.6503116677,-4759617.92827267,2267404.0571999457,2728760.8172463104,-4850247.867093217,2258185.6942239995,-2572336.0156946704,8
1714446180.0,-5078814.301781977,-4466323.431200487,1134824.2229492778,-4797877.518681523,2247816.1608667336,2503832.3898839206,-4887655.117808683,2042090.9471371202,-2506426.7048797333,8
1714446210.0,-5111517.434925169,-4480804.072711176,908628.5518088347,-4830580.651824716,2233335.519356044,2277636.7187434775,-4919724.282786593,1823683.3761805696,-2445489.301381581,8
1714446240.0,-5138605.254189315,-4490185.596729732,681418.1317050746,-4857668.471088862,2223953.995337488,2050426.2986397175,-4946396.216680022,1603211.4709214373,-2389568.9572936045,9
1714446270.0,-5160025.232941315,-4494482.088056774,453446.6643057105,-4879088.449840861,2219657.5040104464,1822454.8312403534,-4967617.849948519,1380926.1496696342,-2338704.98661613,9
1714446300.0,-5175731.250419904,-4493713.547013284,224968.71872745766,-4894794.46731945,2220426.0450539365,1593976.8856621005,-4983342.266019007,1157080.421214822,-2292930.825260524,9
1714446330.0,-5185683.823333206,-4487905.923083318,-3760.5791277960707,-4904747.040232752,2226233.668983902,1365247.587806847,-4993528.931274394,931929.0891860748,-2252273.9262479423,9
1714446360.0,-5189849.224596418,-4477090.37735218,-232485.65435565592,-4908912.441495965,2237049.2147150403,1136522.512578987,-4998142.845396197,705728.4910779368,-2216756.49606031,9
1714446390.0,-5188201.840175015,-4461304.974777139,-460951.0993604941,-4907265.057074562,2252834.6172900815,908057.0675741488,-4997156.825400239,478736.25382788945,-2186393.6180028426,9
1714446420.0,-5180721.608348766,-4440592.452315988,-688901.7672606683,-4899784.825248313,2273547.139751232,680106.3996739746,-4990549.040444965,251210.73300058482,-2161195.522811694,9
1714446450.0,-5167396.276765657,-4415002.160796688,-916083.1753472638,-4886459.493665203,2299137.4312705323,452924.99158737913,-4978305.185730361,23411.0261246913,-2141165.514548204,8
1714446480.0,-5148218.624962015,-4384587.267687927,-1142241.6253414506,-4867281.841861562,2329552.3243792932,226766.54159319238,-4960415.824387227,-204403.72968412598,-2126302.798046975,8
1714446510.0,-5123190.502261838,-4349408.652127362,-1367124.6577283184,-4842253.719161385,2364730.9399398584,1883.509206324583,-4936880.25901088,-431973.9873816504,-2116598.409964041,8
1714446540.0,-5092319.060317332,-4309530.89444763,-1590481.3432556111,-4811382.277216879,2404608.69761959,-221473.1763209682,-4907702.935157201,-659040.9118682838,-2112039.2398692262,7
1714446570.0,-5055618.722657589,-4265024.249982001,-1812062.5342678935,-4774681.939557136,2449115.342085219,-443054.3673332506,-4872895.326652549,-885346.2136326534,-2112605.9672067203,7
1714446600.0,-5013110.553218774,-4215963.902595641,-2031621.041334036,-4732173.77011832,2498175.689471579,-662612.8743993931,-4832475.335882869,-1110632.476857857,-2118273.7823083233,7
1714446630.0,-4964822.7488734415,-4162430.3046381054,-2248912.168548113,-4683885.965772988,2551709.287429115,-879904.0016134703,-4786467.771680369,-1334643.6114722546,-2129011.9259868,7
1714446660.0,-4910789.794915967,-4104508.2323132255,-2463693.4958089846,-4629853.0118155135,2609631.3597539947,-1094685.3288743417,-4734903.545038455,-1557124.8364902646,-2144784.692422258,7
1714446690.0,-4851053.7736484045,-4042287.9583409363,-2675725.9867462236,-4570116.990547951,2671851.633726284,-1306717.8198115807,-4677820.927529276,-1777823.5190921498,-2165550.0053071873,7
1714446720.0,-4785663.035561774,-3975863.907048004,-2884773.5165035613,-4504726.252461321,2738275.685019216,-1515765.3495689183,-4615264.27987199,-1996488.993033428,-2191260.883457175,7
1714446750.0,-4714671.837064641,-3905334.3304649247,-3090602.896622816,-4433735.053964187,2808805.2616022956,-1721594.7296881732,-4547283.703519136,-2212872.651052986,-2221865.767677401,7
1714446780.0,-4638143.236506805,-3830803.4222507826,-3292985.8280215003,-4357206.453406352,2883336.1698164376,-1923977.6610868573,-4473937.845773779,-2426729.409601672,-2257305.940909725,7
1714446810.0,-4556145.039629815,-3752378.111917028,-3491696.943757576,-4275208.256529362,2961761.480150192,-2122688.776822933,-4395289.982805334,-2637816.4687441597,-2297519.225060262,7
1714446840.0,-4468752.288236421,-3670169.848059126,-3686515.4804411177,-4187815.5051359674,3043969.744008094,-2317507.3135064747,-4311410.431593544,-2845894.5708296867,-2342437.798046816,6
1714446870.0,-4376046.3800156405,-3584293.855946355,-3877225.0567449476,-4095109.5969151873,3129845.736120865,-2508216.8898103046,-4222375.701560231,-3050727.939865579,-2391989.000975503,6
1714446900.0,-4278115.275690712,-3494869.1732887216,-4063614.193791386,-3997178.492590259,3219270.4187784987,-2694606.0268567433,-4128268.7000408787,-3252084.782387086,-2446095.1901449487,6
1714446930.0,-4175052.7143327086,-3402017.9321483937,-4245475.775306003,-3894115.9312322554,3312121.6599188265,-2876467.60837136,-4029177.978304652,-3449736.909277904,-2504674.580439649,6
1714446960.0,-4066959.0549711743,-3305865.9464600575,-4422608.224646933,-3786022.271870721,3408273.6456071627,-3053600.0577122904,-3925198.547867393,-3643460.763871999,-2567640.399442057,6
1714446990.0,-3953940.657756542,-3206542.1304416605,-4594815.272552636,-3673003.8746560887,3507597.4616255597,-3225807.1056179935,-3816431.2865089667,-3833037.316321481,-2634901.528660755,6
1714447020.0,-3836109.525862604,-3104178.1111383857,-4761905.826425001,-3555172.7427621507,3609961.4809288345,-3392897.659490358,-3702982.5966867753,-4018252.0162903555,-2706362.9236777127,6
1714447050.0,-3713584.054078899,-2998908.761120167,-4923695.172611475,-3432647.2709784457,3715230.830947053,-3554687.005676832,-3584965.1312037474,-4198895.857575596,-2781924.8206576016,6
1714447080.0,-3586488.9819635013,-2890872.154006819,-5080005.664229427,-3305552.198863048,3823267.4380604015,-3710997.4972947845,-3462497.7482613986,-4374766.061236113,-2861482.643667587,7
1714447110.0,-3454953.4117095363,-2780207.742942751,-5230664.041413705,-3174016.628609083,3933931.8491244693,-3861655.874479062,-3335703.607209877,-4545663.832553996,-2944929.4068617383,6
1714447140.0,-3319112.0023644846,-2667057.338790373,-5375503.472932401,-3038175.2192640314,4047082.2532768473,-4006495.305997758,-3204711.3208288886,-4711396.154762328,-3032154.298145536,6
1714447170.0,-3179104.3901893375,-2551564.550957315,-5514362.9962991625,-2898167.6070888843,4162575.041109905,-4145354.8293645196,-3069654.3995703673,-4871775.357625374,-3123043.3626542306,6
1714447200.0,-3035076.9162059813,-2433876.224718396,-5647090.988956215,-2754140.133105528,4280263.367348824,-4278082.822021572,-2930672.9175068988,-5026622.215010863,-3217477.328106258,7
1714447230.0,-2887179.9384794533,-2314140.0411334853,-5773541.021990506,-2606243.155379,4399999.550933735,-4404532.855055863,-2787910.9273014986,-5175762.3872045595,-3315334.896669562,7
1714447260.0,-2735568.1642038818,-2192504.818581626,-5893572.758609672,-2454631.3811034285,4521634.773485594,-4524564.591675029,-2641516.779397299,-5319027.237792981,-3416492.255795434,7
1714447290.0,-2580402.5457135905,-2069122.0325183298,-6007055.928172445,-2299465.7626131373,4645017.55954889,-4638047.761237802,-2491644.9528361186,-5456257.405884433,-3520820.715004972,7
1714447320.0,-2421847.1752754683,-1944143.1761096113,-6113865.173521377,-2140910.392175015,4769996.415957609,-4744857.006586734,-2338453.063106845,-5587298.314058479,-3628190.4511604877,7
1714447350.0,-2260070.925267733,-1817721.096244115,-6213883.539095144,-1979134.1421672797,4896418.495823106,-4844875.372160501,-2182103.445036973,-5712003.30358348,-3738468.433156465,7
1714447380.0,-2095246.002638036,-1690008.6830046976,-6306999.328724091,-1814309.2195375825,5024130.909062522,-4937991.161789448,-2022761.7633024002,-5830230.831312795,-3851520.3948491127,7
1714447410.0,-1927549.758515883,-1561160.505605137,-6393111.589340474,-1646612.9754154296,5152979.086462083,-5024103.4224058315,-1860598.7520658574,-5941849.498244888,-3967208.0584927737,7
1714447440.0,-1757162.8100789895,-1431331.1047654105,-6472125.977480787,-1476226.026978536,5282808.48730181,-5103117.810546144,-1695788.409874146,-6046734.358628345,-4085391.7131249644,7
1714447470.0,-1584269.2854105204,-1300675.1815049257,-6543955.859731978,-1303332.502310067,5413464.410562295,-5174947.692797335,-1528508.2364086262,-6144767.958053569,-4205929.79876032,8
1714447500.0,-1409056.702993472,-1169347.511795646,-6608522.600434758,-1128119.9198930187,5544792.080271574,-5239514.433500115,-1358939.1156529603,-6235840.63343115,-4328678.937084061,8
1714447530.0,-1231715.732538851,-1037502.7083985966,-6665755.547105752,-950778.9494383975,5676636.883668624,-5296747.380171109,-1187265.086887047,-6319850.548505363,-4453494.177282292,8
1714447560.0,-1052440.0197711058,-905295.0882618452,-6715592.342620049,-771503.2366706524,5808844.503805375,-5346584.175685406,-1013673.1751691904,-6396704.027753938,-4580229.070312069,8
1714447590.0,-871425.9252499082,-772878.4059394356,-6757977.987843263,-590489.1421494549,5941261.186127785,-5388969.82090862,-838353.1415309003,-6466314.693797191,-4708736.128762859,8
1714447620.0,-688872.313530804,-640405.788808821,-6792866.298405545,-407935.5304303506,6073733.8032583995,-5423858.131470902,-661497.2750301673,-6528604.909263011,-4838866.6063479,8
1714447650.0,-504980.5674129165,-508029.53452443774,-6820220.100588896,-224043.78431246313,6206110.057542782,-5451211.933654253,-483300.41545436275,-6583506.009203944,-4970470.656229094,8
1714447680.0,-319953.722194242,-375900.7473300489,-6840007.090730386,-39016.93909378862,6338238.844737171,-5470998.923795743,-303959.10353673104,-6630954.325093418,-5103398.553958691,21
1714447710.0,-133997.32860939615,-244169.66000120642,-6852209.228674888,146939.45449105723,6469969.932066014,-5483201.061740245,-123672.42968059093,-6670900.315073643,-5237498.460628038,21
1714447740.0,52681.90844865871,-112984.86215821539,-6856811.880939561,333618.6915491121,6601154.729909005,-5487803.714004918,57359.29386770463,-6703298.094560011,-5372619.41420312,21
1714447770.0,239875.71941339807,17506.486102519222,-6853810.264603855,520812.50251385145,6731646.07816974,-5484802.097669212,238934.13179351483,-6728111.702545319,-5508609.809547796,21
1714447800.0,427374.63692340377,147158.9265171836,-6843207.91457285,708311.4200238572,6861298.518584404,-5474199.747638207,420848.8808877035,-6745313.657805682,-5645317.9877826795,21
1714447830.0,614968.3099604736,275828.87608434545,-6825017.79929608,895905.093060927,6989968.468151566,-5456009.632361437,602899.3766597109,-6754886.089325137,-5782592.194838881,7
1714447860.0,802445.5134482593,403374.6556655452,-6799257.946053169,1083382.2965487128,7117514.247732765,-5430249.779118526,784880.5017321246,-6756816.456522282,-5920281.48837885,7
1714447890.0,989594.457069501,529656.8578891604,-6765957.873072075,1270531.2401699545,7243796.449956381,-5396949.706137432,966586.4790073483,-6751103.926744063,-6058234.818833492,7
1714447920.0,1176203.3003374762,654538.2711496532,-6725153.771924947,1457140.0834379296,7368677.863216873,-5356145.604990304,1147811.3894660352,-6737754.644881126,-6196301.94358504,8
1714447950.0,1362060.0867541682,777884.2055668217,-6676891.481808453,1642996.8698546216,7492023.797634042,-5307883.31487381,1328349.0927557726,-6716784.711905439,-6334333.146012371,8
1714447980.0,1546953.0783599392,899562.5566876798,-6621223.994868413,1827889.8614603926,7613702.1487549,-5252215.82793377,1507993.5587851554,-6688217.756606764,-6472179.812524927,8
1714448010.0,1730671.4948978885,1019444.32126876,-6558214.529865666,2011608.277998342,7733583.91333598,-5189206.362931023,1686539.5846791444,-6652088.056336671,-6609694.350411193,6
1714448040.0,1913003.6549056906,1137402.1243170185,-6487928.014667199,2193940.438006144,7851541.716384239,-5118919.847732556,1863780.9990745543,-6608431.881869757,-6746730.380512243,6
1714448070.0,2093740.4215957671,1253312.9804903895,-6410444.429610979,2374677.2046962203,7967452.5725576095,-5041436.262676336,2039513.9895446065,-6557301.151929153,-6883142.901498351,6
1714448100.0,2272673.2771111503,1367056.4968604376,-6325849.000174294,2553610.0602116035,8081196.088927658,-4956840.833239651,2213535.2536736447,-6498753.448875217,-7018788.4214344295,7
1714448130.0,2449595.1676575392,1478515.6230757309,-6234234.96897998,2730531.9507579925,8192655.215142951,-4865226.802045337,2385642.812089018,-6432854.891852463,-7153525.169953441,7
1714448160.0,2624300.769625179,1587576.6745975912,-6135703.427357588,2905237.552725632,8301716.266664811,-4766695.260422945,2555636.2733789086,-6359679.978678564,-7287213.165723776,7
1714448190.0,2796586.4730073703,1694129.400149242,-6030362.709126416,3077523.2561078235,8408268.992216462,-4661354.542191773,2723316.814705562,-6279311.005371398,-7419714.403528538,7
1714448220.0,2966250.818124668,1798067.1588410311,-5918328.802090017,3247187.6012251214,8512206.750908252,-4549320.635155374,2888487.610742783,-6191838.508466467,-7550892.962879682,7
1714448250.0,3133094.494562536,1899286.9468702758,-5799724.742370195,3414031.277662989,8613426.538937496,-4430716.575435552,3050953.8314983095,-6097360.677037812,-7680615.155737989,7
1714448280.0,3296921.0801354377,1997689.7073689585,-5674681.505974878,3577857.863235891,8711829.299436178,-4305673.339040235,3210523.3676783717,-5995984.294476343,-7808749.68100141,7
1714448310.0,3457536.964262738,2093180.3061592223,-5543337.075807508,3738473.747363191,8807319.898226442,-4174328.908872865,3367006.7551441537,-5887823.818998291,-7935167.785001207,7
1714448340.0,3614751.0538462084,2185667.3422982483,-5405835.630074088,3895687.8369466616,8899806.934365468,-4036827.4631394455,3520216.888966786,-5773000.548103449,-8059743.22700798,7
1714448370.0,3768377.086718241,2275064.205065801,-5262330.632614036,4049313.8698186944,8989203.797133021,-3893322.465679393,3669971.29066463,-5651645.877451962,-8182352.787923429,7
1714448400.0,3918230.5896214056,2361287.7082421663,-5112979.50664211,4199167.372721859,9075427.300309386,-3743971.339707467,3816089.1259376705,-5523895.78354782,-8302875.878590897,7
1714448430.0,4064131.660267723,2444259.279734038,-4957947.426419104,4345068.443368176,9158398.871801257,-3588939.2594844615,3958393.9345610966,-5389894.8002152555,-8421195.056657687,8
1714448460.0,4205904.054903572,2523904.5469677355,-4797405.5951466,4486840.838004026,9238044.139034957,-3428397.428211957,4096712.7360809487,-5249794.240726997,-8537195.929236423,8
1714448490.0,4343375.92756677,2600153.6304526282,-4631531.613184204,4624312.710667224,9314293.222519848,-3262523.4462495614,4230876.756152194,-5103752.623628754,-8650767.396566588,8
1714448520.0,4476379.730220867,2672941.0468835607,-4460508.961436665,4757316.5133213205,9387080.63895078,-3091500.7945020217,4360721.330811229,-4951935.1463703215,-8761801.656830704,8
1714448550.0,4604752.809839059,2742206.0263501666,-4284527.109399847,4885689.592939512,9456345.618417386,-2915518.942465204,4486086.4897765415,-4794513.859809844,-8870194.519385036,8
1714448580.0,4728336.40037309,2807891.767733152,-4103780.43963302,5009273.183473543,9522031.359800372,-2734772.2726983773,4606815.980427781,-4631666.45673256,-8975844.850667957,8
1714448610.0,4846977.704791916,2869946.7490130183,-3918469.379675376,5127914.487892369,9584086.341080239,-2549461.2127407333,4722759.293245445,-4463577.661095057,-9078655.714648712,8
1714448640.0,4960529.058138099,2928323.9168575867,-3728799.543569581,5241465.841238552,9642463.508924806,-2359791.376634938,4833770.859479072,-4290438.217405641,-9178533.71774238,8
1714448670.0,5068847.869378132,2982980.7859486006,-3534981.146048137,5349784.652478585,9697120.37801582,-2165972.979113494,4939709.988895948,-4112444.336286151,-9275389.221290095,8
1714448700.0,5171797.186076976,3033879.6235359865,-3337229.175223234,5452733.96917743,9748019.215603206,-1968221.0082885912,5040441.426246515,-3929797.905414447,-9369136.510641608,7
1714448730.0,5269245.292001896,3080987.139787149,-3135762.6385889887,5550182.075102349,9795126.73185437,-1766754.4716543457,5135834.962165236,-3742705.6853788253,-9459693.6270167,7
1714448760.0,5361067.973562826,3124275.6019211127,-2930806.1018952676,5642004.75666328,9838415.193988333,-1561797.9349606247,5225767.651052076,-3551381.0597756486,-9546983.24177032,8
1714448790.0,5447145.780396595,3163721.3723156024,-2722586.949715139,5728082.563497048,9877860.964382824,-1353578.782780496,5310121.13516751,-3356041.035263747,-9630931.663478026,8
1714448820.0,5527365.750405185,3199305.6576598417,-2511336.4807542474,5808302.533505638,9913445.249727063,-1142328.3138196045,5388783.336843611,-3156907.4793567434,-9711469.421872066,8
1714448850.0,5601622.3073280025,3231014.951334015,-2297290.0064847586,5882559.090428456,9945154.543401236,-928281.8395501156,5461649.3367775,-2954207.313344609,-9788531.717781499,8
1714448880.0,5669814.201578576,3258839.3668266544,-2080684.7198755078,5950750.984679029,9972978.958893875,-711676.5529408648,5528618.387215651,-2748170.064366752,-9862057.094646314,7
1714448910.0,5731849.084577269,3282774.8424524125,-1861762.073282102,6012785.867677722,9996914.434519634,-492753.90634745895,5589598.390117092,-2539030.675629985,-9931989.306240872,7
1714448940.0,5787640.727064875,3302821.6781817353,-1640765.6993392315,6068577.510165328,10016961.270248955,-271757.53240458854,5644503.179068167,-2327027.1527244314,-9998276.188170802,7
1714448970.0,5837109.889456377,3318984.8971875003,-1417941.606664106,6118046.672556831,10033124.48925472,-48933.439729463076,5693253.3737605745,-2112400.8351898137,-10060870.008087946,7
1714449000.0,5880184.177648154,3331274.036913335,-1193537.8194787498,6161120.960748607,10045413.628980555,175470.34745589318,5735776.244659226,-1895396.0003476287,-10119727.327660048,8
1714449030.0,5916798.770212187,3339703.5013593915,-967804.2952319701,6197735.553312641,10053843.093426611,401203.8717026728,5772006.424833056,-1676259.8593910104,-10174809.393703016,9
1714449060.0,5946895.772511045,3344292.0511931907,-740992.4168853201,6227832.555611499,10058431.643260412,628015.7500493228,5801885.285951079,-1455241.9522844162,-10226081.714623773,9
1714449090.0,5970425.032689098,3345063.197964296,-513354.8485438231,6251361.8157895515,10059202.790031517,855653.3183908198,5825361.7370797,-1232594.0922834699,-10273514.508677078,9
1714449120.0,5987342.906496154,3342044.4018496084,-285145.20423014485,6268279.689596607,10056183.993916828,1083862.962704498,5842391.024125248,-1008569.8701182348,-10317081.934672778,9
1714449150.0,5997614.375636689,3335268.123051726,-56617.82524111299,6278551.158737143,10049407.715118947,1312390.3416935299,5852936.802376491,-783424.6646282955,-10356763.252521567,9
1714449180.0,6001211.824399641,3324771.072921297,171972.68635736272,6282148.607500094,10038910.664988518,1540980.8532920056,5856969.945511535,-557415.0252316678,-10392542.13383659,9
1714449210.0,5998114.090676373,3310593.547111562,400371.5887136235,6279050.873776826,10024733.139178783,1769379.7556482665,5854467.625323558,-330798.41163949063,-10424405.994675184,9
1714449240.0,5988309.663453053,3292781.1446219045,628324.3008809891,6269246.446553506,10006920.736689124,1997332.467815632,5845416.434551481,-103833.27105372772,-10452347.869425839,9
1714449270.0,5971793.4508352475,3271382.838610707,855576.8506441892,6252730.233935701,9985522.430677928,2224585.017578832,5829809.238381678,123221.81475271867,-10476364.480144368,8
1714449300.0,5948568.094144952,3246451.6256338633,1081876.0038525916,6229504.877245405,9960591.217701083,2450884.170787235,5807646.460254098,350108.11483522714,-10496456.951800844,8
1714449330.0,5918644.530921147,3218044.7409661226,1306969.6829420447,6199581.3140216,9932184.333033342,2675977.849876688,5778936.6353689125,576567.1111432349,-10512631.130135234,8
1714449360.0,5882040.633144025,3186222.7835410787,1530607.0367662653,6162977.416244478,9900362.375608299,2899615.2037009085,5743695.086683995,802340.7539385876,-10524896.683426626,8
1714449390.0,5838782.729978752,3151050.4783312506,1752539.0211944778,6119719.5130792055,9865190.07039847,3121547.1881291205,5701945.414455397,1027171.8648129555,-10533268.02764819,8
1714449420.0,5788904.490640268,3112595.9403510564,1972518.432418934,6069841.273740721,9826735.532418277,3341526.599353577,5653718.410847865,1250804.3263701424,-10537763.567031642,8
1714449450.0,5732447.491537424,3070930.9156870884,2190300.3923248975,6013384.274637877,9785070.50775431,3559308.5592595404,5599052.6165066585,1472983.5045850158,-10538406.050680242,8
1714449480.0,5669460.089293039,3026130.083061115,2405642.1530833044,5950396.872393493,9740269.675128335,3774650.3200179473,5537993.223761703,1693456.2069767506,-10535221.803561987,8
1714449510.0,5600000.241808676,2978272.373374026,2618304.5610108497,5880937.024909129,9692411.965441246,3987312.7279454926,5470594.84006122,1911971.8282024076,-10528242.427550182,8
1714449540.0,5524131.742253644,2927439.0070257573,2828050.866483493,5805068.525354098,9641578.599092977,4197059.033418136,5396917.807304942,2128281.6096352283,-10517502.487179387,8
1714449570.0,5441926.276652095,2873714.420768705,3034647.7700469373,5722863.059752548,9587854.012835925,4403655.93698158,5317030.218884333,2342139.460920348,-10503040.711171124,7
