time,gps_sod,dE_m,dN_m,dU_m,d3_m,clock_m,n_sat
2024-04-29T00:00:00,767620800.000000,7.0837,-9.2159,10.8672,15.9125,5.5466,9
2024-04-29T00:00:30,767620830.000000,24.6409,636.5490,3498.2437,3555.7715,6286.0574,9
2024-04-29T00:01:00,767620860.000000,113.5015,992.0950,4259.1397,4374.6321,9358.8074,10
2024-04-29T00:01:30,767620890.000000,149.9980,1702.6387,5695.5260,5946.4690,12923.0838,11
2024-04-29T00:02:00,767620920.000000,195.6680,2540.4111,6878.3387,7335.0881,16184.2694,11
2024-04-29T00:02:30,767620950.000000,232.3740,3430.7284,7687.6570,8421.6367,19072.9608,11
2024-04-29T00:03:00,767620980.000000,266.9205,4333.2168,8187.2509,9267.0973,21622.0098,11
2024-04-29T00:03:30,767621010.000000,303.7069,5225.4954,8420.7539,9914.9955,23861.9415,11
2024-04-29T00:04:00,767621040.000000,324.1442,6093.8801,8179.1857,10204.8774,25629.9462,10
2024-04-29T00:04:30,767621070.000000,394.9280,6865.6404,8066.7534,10600.2593,27358.4879,10
2024-04-29T00:05:00,767621100.000000,484.7648,7544.9115,7819.8636,10877.0839,28843.9209,10
2024-04-29T00:05:30,767621130.000000,603.1644,8118.0467,7465.3459,11045.2650,30096.5762,10
2024-04-29T00:06:00,767621160.000000,741.7644,8571.8105,7032.2841,11112.1181,31124.1353,10
2024-04-29T00:06:30,767621190.000000,901.5356,8899.9064,6548.5634,11086.2429,31931.7398,10
2024-04-29T00:07:00,767621220.000000,1073.7548,8616.5471,5304.8880,10175.4444,31997.0200,11
2024-04-29T00:07:30,767621250.000000,1280.1096,8561.2661,4707.1812,9853.5026,32280.7592,11
2024-04-29T00:08:00,767621280.000000,1498.2700,8361.9101,4133.4871,9447.3313,32337.1656,11
2024-04-29T00:08:30,767621310.000000,1893.7048,8036.4209,2899.3424,8750.7923,31612.2270,10
2024-04-29T00:09:00,767621340.000000,2108.4113,7423.9888,2817.6637,8215.8528,31517.9481,9
2024-04-29T00:09:30,767621370.000000,2297.9801,6948.6016,2386.6455,7698.0422,30808.4764,9
2024-04-29T00:10:00,767621400.000000,2466.1919,6383.9779,2013.3068,7133.7705,29823.5615,9
2024-04-29T00:10:30,767621430.000000,2596.3347,5758.7017,1699.7148,6541.6076,28541.9739,9
2024-04-29T00:11:00,767621460.000000,2674.4179,5089.7254,1422.0206,5922.8336,26936.5220,9
2024-04-29T00:11:30,767621490.000000,2656.8193,4238.8616,1752.4666,5300.7335,25462.1629,8
2024-04-29T00:12:00,767621520.000000,2605.3247,3605.2389,1374.0474,4655.4775,23024.6861,8
2024-04-29T00:12:30,767621550.000000,2458.9776,2959.1655,996.1112,3974.3514,20207.7937,8
2024-04-29T00:13:00,767621580.000000,2296.5789,2196.8173,1114.3008,3367.7807,17412.9139,7
2024-04-29T00:13:30,767621610.000000,1855.7911,1595.6874,316.5632,2467.8717,13473.6154,8
2024-04-29T00:14:00,767621640.000000,1470.4022,914.1395,327.4699,1762.0925,9804.4141,7
2024-04-29T00:14:30,767621670.000000,859.4686,350.8754,-244.7927,960.0642,5277.4568,7
2024-04-29T00:15:00,767621700.000000,154.9235,-211.1987,-583.7543,639.8244,547.2560,8
2024-04-29T00:15:30,767621730.000000,816.9943,583.6843,-11.4037,1004.1399,5525.1762,8
2024-04-29T00:16:00,767621760.000000,1450.3343,1336.4185,363.7361,2005.4396,10118.0228,8
2024-04-29T00:16:30,767621790.000000,2041.5178,2030.2185,591.0438,2939.2031,14364.4111,8
2024-04-29T00:17:00,767621820.000000,2585.4258,2666.5207,704.9952,3780.4467,18278.0901,8
2024-04-29T00:17:30,767621850.000000,3077.2031,3240.4253,735.3927,4528.8341,21869.1401,8
2024-04-29T00:18:00,767621880.000000,3507.8706,3748.1455,706.8459,5182.0249,25146.3512,8
2024-04-29T00:18:30,767621910.000000,3877.4032,4198.5468,647.9989,5751.6913,28117.1655,8
2024-04-29T00:19:00,767621940.000000,4175.4369,4585.8694,575.6300,6228.6292,30783.9749,8
2024-04-29T00:19:30,767621970.000000,4408.2923,4917.0183,503.4404,6622.9573,33147.6477,8
2024-04-29T00:20:00,767622000.000000,3584.2964,3104.8782,-3967.2235,6182.7431,31456.1663,9
2024-04-29T00:20:30,767622030.000000,3555.2274,2678.8185,-5405.4546,7002.4745,31970.3484,8
2024-04-29T00:21:00,767622060.000000,3167.9831,2110.2290,-6086.2843,7178.5820,32727.2011,8
2024-04-29T00:21:30,767622090.000000,2700.2372,1445.8479,-6686.0357,7354.2389,33178.8722,8
2024-04-29T00:22:00,767622120.000000,2175.2894,717.0766,-7171.9187,7528.7782,33343.2059,8
2024-04-29T00:22:30,767622150.000000,1499.8093,-106.9439,-7237.4565,7391.9985,33457.5731,7
2024-04-29T00:23:00,767622180.000000,966.8437,-872.8443,-7498.1295,7610.4264,33038.8420,7
2024-04-29T00:23:30,767622210.000000,452.7851,-1618.9999,-7593.5494,7777.4139,32376.5632,7
2024-04-29T00:24:00,767622240.000000,-25.9171,-2314.2890,-7520.5123,7868.5902,31474.8914,7
2024-04-29T00:24:30,767622270.000000,-445.2436,-2165.6591,-6634.7300,6993.4228,31016.1707,8
2024-04-29T00:25:00,767622300.000000,-820.6153,-2506.7463,-6215.5888,6752.0908,29725.1921,8
2024-04-29T00:25:30,767622330.000000,-1126.0567,-2755.1530,-5707.3301,6436.8073,28150.4003,8
2024-04-29T00:26:00,767622360.000000,-1352.4080,-2905.1473,-5139.5371,6056.7095,26285.2325,8
2024-04-29T00:26:30,767622390.000000,-1494.8001,-2943.1029,-4532.9474,5607.4855,24122.4123,8
2024-04-29T00:27:00,767622420.000000,-1546.7989,-2865.2570,-3911.1181,5089.1187,21655.9306,8
2024-04-29T00:27:30,767622450.000000,-1508.3913,-2675.5159,-3288.1144,4499.4806,18881.5375,8
2024-04-29T00:28:00,767622480.000000,-1371.6563,-2396.8696,-2580.6033,3779.6744,15884.6061,7
2024-04-29T00:28:30,767622510.000000,-1153.6536,-1969.7630,-2006.4938,3039.2269,12492.5567,7
2024-04-29T00:29:00,767622540.000000,-840.8562,-1439.4359,-1434.9560,2199.5713,8831.2166,7
2024-04-29T00:29:30,767622570.000000,-426.7257,-856.3027,-451.7864,1058.0454,5241.6569,6
2024-04-29T00:30:00,767622600.000000,120.5878,-118.7979,448.0323,478.9439,1337.5466,5
2024-04-29T00:30:30,767622630.000000,-196.8701,-803.8517,52.9895,829.3029,5560.2601,6
2024-04-29T00:31:00,767622660.000000,-598.9571,-1392.4151,-234.7156,1533.8386,9462.3257,6
2024-04-29T00:31:30,767622690.000000,-1364.9889,-2061.3369,-2507.0795,3521.0441,11414.9796,5
2024-04-29T00:32:00,767622720.000000,-1787.4006,-2837.5835,-3132.3650,4588.9423,14264.8098,5
2024-04-29T00:32:30,767622750.000000,-2131.8974,-3636.5530,-3490.0390,5472.6480,16933.3358,5
2024-04-29T00:33:00,767622780.000000,-2403.3120,-4443.4451,-3601.6004,6204.1630,19408.7389,5
2024-04-29T00:33:30,767622810.000000,-2605.7968,-5228.4429,-3486.7201,6803.2352,21677.6379,5
2024-04-29T00:34:00,767622840.000000,-2746.7749,-5972.8621,-3172.8069,7299.7643,23729.1349,5
2024-04-29T00:34:30,767622870.000000,-2828.1259,-6657.1916,-2683.4251,7714.7435,25553.8618,5
2024-04-29T00:35:00,767622900.000000,-2858.1831,-7261.3443,-2043.2959,8066.6839,27143.7851,5
2024-04-29T00:35:30,767622930.000000,-1936.4621,-7447.4508,-391.2550,7705.0301,29246.7562,7
2024-04-29T00:36:00,767622960.000000,-1721.5259,-7799.7536,418.0029,7998.4082,30324.0837,7
2024-04-29T00:36:30,767622990.000000,-1466.5720,-8040.5608,1274.9024,8272.0510,31132.5658,7
2024-04-29T00:37:00,767623020.000000,-1181.8152,-8152.7627,2153.9622,8514.9151,31666.4207,7
2024-04-29T00:37:30,767623050.000000,-877.7272,-8138.4995,3026.7569,8727.3614,31922.2302,7
2024-04-29T00:38:00,767623080.000000,-567.4418,-7990.6092,3859.3133,8891.9135,31897.6584,7
2024-04-29T00:38:30,767623110.000000,-263.1728,-7712.9773,4633.7710,9001.7283,31590.7490,7
2024-04-29T00:39:00,767623140.000000,759.6596,-7395.8607,4239.3088,8558.4798,30308.0264,9
2024-04-29T00:39:30,767623170.000000,860.0211,-7155.9181,4654.1203,8579.4892,29230.2370,9
2024-04-29T00:40:00,767623200.000000,918.7573,-6784.5251,5051.8682,8508.5409,27947.7649,9
2024-04-29T00:40:30,767623230.000000,-94.2738,-7009.5092,6248.4760,9390.7167,26700.9058,8
2024-04-29T00:41:00,767623260.000000,-35.3804,-6304.0698,6639.3623,9155.5273,25105.2233,8
2024-04-29T00:41:30,767623290.000000,-134.3379,-5443.5484,7214.4162,9038.6983,23534.2601,9
2024-04-29T00:42:00,767623320.000000,-194.4737,-4679.1326,7395.9781,8754.0044,21492.0893,8
2024-04-29T00:42:30,767623350.000000,479.3902,-3396.3224,5946.1692,6864.5283,18442.6538,9
2024-04-29T00:43:00,767623380.000000,364.0858,-2603.1522,5391.8177,5998.3879,15623.1435,9
2024-04-29T00:43:30,767623410.000000,267.3832,-1807.4047,4458.1232,4817.9942,12412.6861,9
2024-04-29T00:44:00,767623440.000000,176.2796,-1079.7114,3146.8860,3331.6276,8821.5765,8
2024-04-29T00:44:30,767623470.000000,115.6597,-426.1275,1313.5877,1385.8118,4753.6690,8
2024-04-29T00:45:00,767623500.000000,78.1865,49.9303,-953.4421,957.9447,259.9304,8
2024-04-29T00:45:30,767623530.000000,-13.8296,-227.4960,2023.7303,2036.5240,5168.5842,8
2024-04-29T00:46:00,767623560.000000,-148.8982,-160.4896,4369.4833,4374.9642,9393.7028,9
2024-04-29T00:46:30,767623590.000000,-441.8502,17.6143,6377.4565,6392.7689,13209.6216,9
2024-04-29T00:47:00,767623620.000000,-512.2257,-930.5733,7747.5860,7820.0659,16433.1185,9
2024-04-29T00:47:30,767623650.000000,-204.0838,-1873.1590,8459.5313,8666.8359,19074.3324,10
2024-04-29T00:48:00,767623680.000000,-90.1144,-2808.3501,8581.4850,9029.7749,21186.6657,10
2024-04-29T00:48:30,767623710.000000,-27.8414,-3760.5445,8184.8660,9007.4692,22821.3788,10
2024-04-29T00:49:00,767623740.000000,27.7178,-4757.3178,6353.4375,7937.1915,23389.1009,9
2024-04-29T00:49:30,767623770.000000,74.2887,-5557.8556,5440.1144,7777.5396,24400.5391,9
2024-04-29T00:50:00,767623800.000000,101.9712,-6256.2718,4292.9607,7588.2044,25105.1041,9
2024-04-29T00:50:30,767623830.000000,120.7011,-6814.0051,2974.1456,7435.7768,25536.2898,9
2024-04-29T00:51:00,767623860.000000,131.7094,-7214.6361,1540.4121,7378.4274,25722.1021,9
2024-04-29T00:51:30,767623890.000000,136.4431,-7443.0976,64.9888,7444.6317,25689.4430,9
2024-04-29T00:52:00,767623920.000000,134.8911,-7503.1731,-1395.8392,7633.0969,25462.9506,9
2024-04-29T00:52:30,767623950.000000,120.0222,-7835.5764,-1299.3653,7943.4887,26056.6707,10
2024-04-29T00:53:00,767623980.000000,94.3524,-7724.7490,-2203.6232,8033.4678,25772.4637,10
2024-04-29T00:53:30,767624010.000000,67.4317,-7476.0600,-2929.1176,8029.6793,25368.2479,10
2024-04-29T00:54:00,767624040.000000,38.1126,-7109.8725,-3452.4676,7903.8770,24850.9046,10
2024-04-29T00:54:30,767624070.000000,4.3136,-6639.4328,-3741.9303,7621.2944,24225.4474,10
2024-04-29T00:55:00,767624100.000000,-97.4767,-6028.0220,-3478.0374,6960.1217,23739.1287,9
2024-04-29T00:55:30,767624130.000000,-174.5871,-5365.4259,-2968.0986,6134.1572,23129.0222,9
2024-04-29T00:56:00,767624160.000000,-245.2535,-4666.2486,-2168.8264,5151.4885,22422.0626,9
2024-04-29T00:56:30,767624190.000000,-304.9660,-3832.1794,-265.7642,3853.4704,22249.9439,8
2024-04-29T00:57:00,767624220.000000,-331.7870,-3202.9956,883.9978,3339.2687,21142.2332,8
2024-04-29T00:57:30,767624250.000000,-300.6740,-2583.8622,3158.4104,4091.7362,20571.9097,10
2024-04-29T00:58:00,767624280.000000,-328.9912,-1936.2277,4356.6151,4778.8396,18838.5228,9
2024-04-29T00:58:30,767624310.000000,-0.8019,-1565.8445,2886.8825,3284.1986,14623.9086,9
2024-04-29T00:59:00,767624340.000000,-10.7041,-1069.6603,1789.8763,2085.1727,10367.2290,9
2024-04-29T00:59:30,767624370.000000,-1.8714,-463.5139,439.0304,638.4327,5544.8210,9
2024-04-29T01:00:00,767624400.000000,8.2370,276.4680,-1143.8145,1176.7812,164.8725,9
2024-04-29T01:00:30,767624430.000000,122.2167,-624.9894,932.8722,1129.5128,6048.1371,7
2024-04-29T01:01:00,767624460.000000,283.2220,-1627.1541,2886.4351,3325.5605,11625.1663,7
2024-04-29T01:01:30,767624490.000000,452.8076,-2694.5321,4529.1445,5289.4885,16759.4123,7
2024-04-29T01:02:00,767624520.000000,631.6747,-3790.3063,5846.3979,6996.1277,21431.1928,7
2024-04-29T01:02:30,767624550.000000,1791.8993,-4006.4417,5638.4481,7145.2484,25051.1439,6
2024-04-29T01:03:00,767624580.000000,2220.9582,-4844.7116,6348.4270,8288.9330,28846.2959,6
2024-04-29T01:03:30,767624610.000000,2645.2749,-5654.6392,6836.6320,9258.0754,32225.5310,6
2024-04-29T01:04:00,767624640.000000,3049.7540,-6411.8778,7125.8343,10059.3584,35183.2088,6
2024-04-29T01:04:30,767624670.000000,3428.1742,-7105.6403,7221.8000,10695.6485,37712.6313,6
2024-04-29T01:05:00,767624700.000000,2417.0738,-5315.0502,2083.3030,6199.3674,35273.7395,7
2024-04-29T01:05:30,767624730.000000,2446.4728,-5448.5335,1497.1251,6157.3639,36491.7162,7
2024-04-29T01:06:00,767624760.000000,2423.3832,-5551.5179,842.7460,6115.7467,37356.8030,7
2024-04-29T01:06:30,767624790.000000,2436.8343,-3665.8794,-1940.3739,4810.6013,35819.3947,9
2024-04-29T01:07:00,767624820.000000,283.6810,-5491.5485,-3512.1747,6524.7951,34828.1562,10
2024-04-29T01:07:30,767624850.000000,295.7633,-5299.5746,-4237.8730,6792.0935,34647.5826,10
2024-04-29T01:08:00,767624880.000000,316.6711,-5049.6484,-4862.6988,7017.4831,34190.1395,10
2024-04-29T01:08:30,767624910.000000,350.6492,-4734.9599,-5385.4734,7179.5629,33466.0588,10
2024-04-29T01:09:00,767624940.000000,392.5980,-4359.0160,-5779.3390,7249.5457,32485.2179,10
2024-04-29T01:09:30,767624970.000000,376.4721,-3434.5587,-6592.1217,7442.7141,30665.3051,11
2024-04-29T01:10:00,767625000.000000,536.5650,-3129.7891,-7265.6839,7929.2903,28737.9243,10
2024-04-29T01:10:30,767625030.000000,555.9692,-2529.8164,-7056.5697,7516.9308,27129.6208,10
2024-04-29T01:11:00,767625060.000000,573.5292,-1940.3479,-6670.2864,6970.4093,25289.3722,10
2024-04-29T01:11:30,767625090.000000,526.4141,-1537.9274,-6659.3695,6854.8913,22823.1699,9
2024-04-29T01:12:00,767625120.000000,559.8993,-967.3338,-5782.3634,5889.3928,20623.9316,9
2024-04-29T01:12:30,767625150.000000,560.5324,-499.4798,-4823.8960,4881.9718,18135.2082,9
2024-04-29T01:13:00,767625180.000000,533.0295,-149.4564,-3808.7249,3848.7457,15341.7966,9
2024-04-29T01:13:30,767625210.000000,369.1915,55.7238,-2437.7928,2466.2200,12499.2165,10
2024-04-29T01:14:00,767625240.000000,285.6233,128.8569,-1496.3078,1528.7648,9005.4698,10
2024-04-29T01:14:30,767625270.000000,171.3978,64.7799,-670.8849,695.4568,5123.1088,10
2024-04-29T01:15:00,767625300.000000,17.5758,-136.7783,-16.0991,138.8395,826.8857,10
2024-04-29T01:15:30,767625330.000000,133.2452,54.2968,-713.4090,727.7739,5100.2984,10
2024-04-29T01:16:00,767625360.000000,229.5307,351.2062,-1095.8703,1173.4402,9207.1267,9
2024-04-29T01:16:30,767625390.000000,329.9291,724.0404,-1490.0684,1689.1985,12931.0460,9
2024-04-29T01:17:00,767625420.000000,423.1562,1175.5061,-1741.1233,2142.9853,16389.4702,9
2024-04-29T01:17:30,767625450.000000,510.7180,1664.3673,-1844.1076,2536.0765,19579.7263,9
2024-04-29T01:18:00,767625480.000000,595.2359,2199.2686,-1804.5091,2906.4310,22501.0608,9
2024-04-29T01:18:30,767625510.000000,671.0502,2752.2860,-1619.3985,3263.1025,25150.1607,9
2024-04-29T01:19:00,767625540.000000,338.4394,5441.5906,-5846.2834,7994.0277,24043.8288,10
2024-04-29T01:19:30,767625570.000000,366.1082,6540.7029,-5849.7472,8782.6177,25696.9233,10
2024-04-29T01:20:00,767625600.000000,392.8630,7626.6613,-5643.9304,9496.0126,27130.3689,10
2024-04-29T01:20:30,767625630.000000,447.6342,8755.2703,-5035.4017,10109.9162,28503.6458,9
2024-04-29T01:21:00,767625660.000000,485.6120,9761.0013,-4401.2796,10718.4060,29500.6917,9
2024-04-29T01:21:30,767625690.000000,528.9966,10686.2737,-3550.2235,11272.9930,30299.5298,9
2024-04-29T01:22:00,767625720.000000,582.8849,11499.5616,-2502.0451,11783.0344,30899.1485,9
2024-04-29T01:22:30,767625750.000000,644.0521,12171.1396,-1283.1782,12255.5289,31293.6965,9
2024-04-29T01:23:00,767625780.000000,715.1423,12669.6576,61.8149,12689.9753,31469.9719,9
2024-04-29T01:23:30,767625810.000000,822.8141,13379.4053,1997.7385,13552.7292,31811.3186,8
2024-04-29T01:24:00,767625840.000000,899.9692,13344.0654,3344.8760,13786.3056,31414.5810,8
2024-04-29T01:24:30,767625870.000000,974.8177,13079.6691,4649.2015,13915.5700,30756.7953,8
2024-04-29T01:25:00,767625900.000000,1035.8356,12512.1509,5908.9703,13875.9795,29887.2555,9
2024-04-29T01:25:30,767625930.000000,709.2078,11217.3974,6963.0883,13221.8599,28882.0355,10
2024-04-29T01:26:00,767625960.000000,671.6772,10228.6451,7662.1024,12797.8179,27283.7098,10
2024-04-29T01:26:30,767625990.000000,618.6575,9070.9082,8053.8100,12146.1092,25315.0147,10
2024-04-29T01:27:00,767626020.000000,558.5119,8141.9095,9113.5812,12233.5599,23686.1959,8
2024-04-29T01:27:30,767626050.000000,472.1418,6602.9076,8463.9749,10745.2398,20740.2610,8
2024-04-29T01:28:00,767626080.000000,396.2306,5026.3476,7297.0962,8869.5424,17336.4711,9
2024-04-29T01:28:30,767626110.000000,295.0264,3533.3613,5952.9039,6928.8345,13733.0515,9
2024-04-29T01:29:00,767626140.000000,183.7046,2094.6329,4231.9905,4725.5665,9768.7583,9
2024-04-29T01:29:30,767626170.000000,79.2048,768.8556,2089.6460,2228.0109,5438.7750,9
2024-04-29T01:30:00,767626200.000000,-21.5326,-405.6986,-453.3253,608.7354,734.9561,9
2024-04-29T01:30:30,767626230.000000,-48.4503,476.9181,1645.3401,1713.7510,5135.4618,8
2024-04-29T01:31:00,767626260.000000,-67.5011,1051.2663,3861.9493,4003.0450,9291.7511,8
2024-04-29T01:31:30,767626290.000000,-80.6240,1350.6085,6073.8080,6222.6833,13190.9356,8
2024-04-29T01:32:00,767626320.000000,-91.4857,1387.1342,8239.5785,8356.0257,16830.4357,8
2024-04-29T01:32:30,767626350.000000,-103.4853,1186.7241,10334.2250,10402.6549,20208.0778,8
2024-04-29T01:33:00,767626380.000000,-139.7089,777.2492,12317.1146,12342.4044,23321.7595,8
2024-04-29T01:33:30,767626410.000000,-507.8357,40.0380,14815.0400,14823.7954,26703.3237,9
2024-04-29T01:34:00,767626440.000000,-861.9985,725.1301,16433.4612,16472.0218,29220.3698,9
2024-04-29T01:34:30,767626470.000000,-355.5727,1781.6567,17290.2530,17385.4417,31053.5875,10
2024-04-29T01:35:00,767626500.000000,-293.5261,2802.0995,18572.0799,18784.5700,33033.6137,10
2024-04-29T01:35:30,767626530.000000,-315.2642,3900.9735,19671.2613,20056.8070,34751.1545,10
2024-04-29T01:36:00,767626560.000000,-372.5329,5069.0304,20608.1536,21225.6883,36214.5390,10
2024-04-29T01:36:30,767626590.000000,-509.0964,6212.9029,20344.9010,21278.4948,36798.4113,9
2024-04-29T01:37:00,767626620.000000,-596.7480,7392.5841,20478.8725,21780.5102,37468.0028,7
2024-04-29T01:37:30,767626650.000000,-616.5576,8770.4372,22652.5066,24298.9047,39234.6438,8
2024-04-29T01:38:00,767626680.000000,-785.3040,9813.3281,21408.9045,23563.9408,38746.7817,7
2024-04-29T01:38:30,767626710.000000,-1242.7726,10142.5555,14643.8583,17856.6095,34925.7315,8
2024-04-29T01:39:00,767626740.000000,-1376.7317,10722.3988,13236.7664,17090.2666,33929.6502,8
2024-04-29T01:39:30,767626770.000000,-1495.7253,11133.9990,11652.9674,16186.2527,32600.2321,8
2024-04-29T01:40:00,767626800.000000,-1591.1750,11327.8709,9946.4970,15158.6707,30949.3075,8
2024-04-29T01:40:30,767626830.000000,-1659.6331,11284.5011,8186.0984,14039.4642,28995.8490,8
2024-04-29T01:41:00,767626860.000000,-1199.7123,9758.2142,3902.3896,10577.8400,24766.0814,8
2024-04-29T01:41:30,767626890.000000,-1175.7083,9133.7487,2393.5867,9515.0887,22345.6863,8
2024-04-29T01:42:00,767626920.000000,-1118.6703,8318.6763,1055.2407,8459.6295,19732.4804,8
2024-04-29T01:42:30,767626950.000000,-1029.4819,7311.8085,-55.6386,7384.1366,16937.0615,8
2024-04-29T01:43:00,767626980.000000,-898.4708,6133.2211,-890.6187,6262.3361,13973.5851,8
2024-04-29T01:43:30,767627010.000000,-726.5284,4803.4429,-1401.1811,5056.1068,10856.4491,8
2024-04-29T01:44:00,767627040.000000,-497.8519,3421.0335,-1655.7197,3833.1102,7510.3578,7
2024-04-29T01:44:30,767627070.000000,-231.8728,1849.9026,-1338.5722,2295.1427,4180.6088,7
2024-04-29T01:45:00,767627100.000000,97.4199,253.7878,-610.0815,667.9059,714.6712,7
2024-04-29T01:45:30,767627130.000000,-334.3536,1896.6245,-1479.4479,2428.5269,4282.9814,7
2024-04-29T01:46:00,767627160.000000,-771.9297,3290.2536,-2669.3860,4306.6537,7481.1022,7
2024-04-29T01:46:30,767627190.000000,-1215.2211,4433.8430,-4104.6549,6163.1095,10327.7646,7
2024-04-29T01:47:00,767627220.000000,-1658.6785,5322.1859,-5745.8728,8005.7436,12827.1621,7
2024-04-29T01:47:30,767627250.000000,-2100.3141,5947.4634,-7555.6189,9842.3075,14982.4440,7
2024-04-29T01:48:00,767627280.000000,-2069.3052,7531.2998,-7719.0590,10981.1827,18489.2423,8
2024-04-29T01:48:30,767627310.000000,-2343.1240,8078.7907,-9208.5220,12472.1276,20534.2370,8
2024-04-29T01:49:00,767627340.000000,-2583.3428,8440.9183,-10669.6701,13847.9104,22337.6439,8
2024-04-29T01:49:30,767627370.000000,-2784.8671,8652.5143,-12060.9564,15102.5878,23922.8764,8
2024-04-29T01:50:00,767627400.000000,-2950.9492,8710.2512,-13333.3401,16197.3620,25305.1622,8
2024-04-29T01:50:30,767627430.000000,-3073.0532,8634.5698,-14441.8877,17104.6068,26501.8164,8
2024-04-29T01:51:00,767627460.000000,-2945.1890,9407.0089,-15551.9514,18412.7441,27750.7583,8
2024-04-29T01:51:30,767627490.000000,-3660.0521,2846.3102,-9118.5532,10229.6371,30680.4720,9
2024-04-29T01:52:00,767627520.000000,-3661.8780,2647.8317,-8032.2457,9216.1453,32120.5230,9
2024-04-29T01:52:30,767627550.000000,-3636.7419,2491.1750,-6858.8583,8153.2681,33339.1056,9
2024-04-29T01:53:00,767627580.000000,-3519.3432,2424.9737,-5017.4145,6590.9576,34722.9265,8
2024-04-29T01:53:30,767627610.000000,-3469.8566,2409.7650,-4094.9104,5883.4653,35079.8009,8
2024-04-29T01:54:00,767627640.000000,-3406.4526,2411.6173,-3294.2609,5317.1395,35008.6590,8
2024-04-29T01:54:30,767627670.000000,-3322.9704,2419.8213,-2625.2746,4877.4721,34492.7667,8
2024-04-29T01:55:00,767627700.000000,-3215.5712,2417.8297,-2089.2747,4533.3064,33525.2233,8
2024-04-29T01:55:30,767627730.000000,-3082.6373,2390.6032,-1675.5715,4245.6067,32106.1958,8
2024-04-29T01:56:00,767627760.000000,-2494.8047,1092.3659,-3059.3308,4095.9515,28670.8891,9
2024-04-29T01:56:30,767627790.000000,-2171.9607,805.8534,-2853.9015,3675.8083,26285.2364,9
2024-04-29T01:57:00,767627820.000000,-2024.7153,554.3907,-2345.5180,3147.7414,23807.2908,8
2024-04-29T01:57:30,767627850.000000,-1589.9553,242.4477,-2295.7410,2803.0636,20572.8554,9
2024-04-29T01:58:00,767627880.000000,-1151.6708,18.5995,-2106.0373,2400.4343,17099.5466,9
2024-04-29T01:58:30,767627910.000000,-731.8849,-149.0744,-1873.0826,2016.5111,13317.4070,9
2024-04-29T01:59:00,767627940.000000,-337.0520,-218.5955,-1557.7876,1608.7542,9272.3886,8
2024-04-29T01:59:30,767627970.000000,8.8001,-251.2382,-1298.3559,1322.4697,4853.8492,8
2024-04-29T02:00:00,767628000.000000,292.5057,-200.2928,-1049.3232,1107.5902,115.5019,8
2024-04-29T02:00:30,767628030.000000,88.7444,-352.4674,-1087.2419,1146.3873,4996.0240,7
2024-04-29T02:01:00,767628060.000000,-38.2840,-542.9297,-1078.3929,1207.9609,9508.6419,7
2024-04-29T02:01:30,767628090.000000,-109.7619,-767.3627,-985.2182,1253.6140,13713.0715,7
2024-04-29T02:02:00,767628120.000000,-144.2491,-1011.5889,-800.6082,1298.1115,17614.3426,7
2024-04-29T02:02:30,767628150.000000,1720.1582,-2085.9794,-1957.9593,3338.2419,19548.2492,8
2024-04-29T02:03:00,767628180.000000,2089.6031,-2490.6041,-2089.6655,3864.7448,22358.5434,7
2024-04-29T02:03:30,767628210.000000,2467.9598,-2870.9162,-2403.3310,4484.3043,24668.0935,7
2024-04-29T02:04:00,767628240.000000,2836.5131,-3265.4850,-2829.3162,5168.5810,26532.8797,7
2024-04-29T02:04:30,767628270.000000,3157.1756,-3715.8263,-2463.1938,5462.8241,28666.4258,6
2024-04-29T02:05:00,767628300.000000,3486.2473,-4143.3663,-3304.9845,6343.8417,29489.2180,6
2024-04-29T02:05:30,767628330.000000,3491.1900,-5532.2674,-5644.8485,8640.5269,28692.8527,7
2024-04-29T02:06:00,767628360.000000,3733.6678,-6260.6506,-6574.9243,9816.6008,28697.3794,7
2024-04-29T02:06:30,767628390.000000,3914.6377,-7018.0638,-7349.7320,10890.1868,28467.5764,7
2024-04-29T02:07:00,767628420.000000,4030.0559,-7786.5079,-7887.2924,11793.2369,28066.8462,7
2024-04-29T02:07:30,767628450.000000,4054.2809,-8509.4147,-8121.5121,12442.1177,27556.3902,7
2024-04-29T02:08:00,767628480.000000,4589.7364,-9645.8866,-10768.6458,15168.1423,24690.9697,6
2024-04-29T02:08:30,767628510.000000,4290.2851,-10085.9583,-9670.9710,14617.1400,24591.2960,6
2024-04-29T02:09:00,767628540.000000,3953.9426,-10324.6634,-8424.1162,13899.5708,24328.9052,6
2024-04-29T02:09:30,767628570.000000,1210.1815,-5514.2305,2130.5905,6034.1274,31913.9984,8
2024-04-29T02:10:00,767628600.000000,1050.5002,-5375.1304,2491.6655,6016.9739,30592.7234,8
2024-04-29T02:10:30,767628630.000000,716.2444,-6283.8125,1661.9122,6539.2093,27916.4728,9
2024-04-29T02:11:00,767628660.000000,542.2175,-6141.2702,2081.0320,6506.9113,26055.7541,9
2024-04-29T02:11:30,767628690.000000,385.8052,-5861.2969,2460.3090,6368.4195,23956.6834,9
2024-04-29T02:12:00,767628720.000000,253.1829,-5441.4037,2767.7946,6110.1279,21602.0190,9
2024-04-29T02:12:30,767628750.000000,284.3896,-5452.2669,2469.3270,5992.1338,18488.2932,10
2024-04-29T02:13:00,767628780.000000,194.6331,-4697.4139,2539.0637,5343.2597,15614.9007,10
2024-04-29T02:13:30,767628810.000000,81.4031,-3771.0873,2559.8433,4558.5659,12598.7638,11
2024-04-29T02:14:00,767628840.000000,52.5570,-2929.0416,2428.7075,3805.3472,9325.3060,10
2024-04-29T02:14:30,767628870.000000,28.4079,-1525.4988,1171.8613,1923.8535,5165.4790,10
2024-04-29T02:15:00,767628900.000000,10.2960,-101.3229,-467.1341,478.1073,666.6350,10
2024-04-29T02:15:30,767628930.000000,-70.6999,-1401.6077,1433.8338,2006.3354,5208.7186,9
2024-04-29T02:16:00,767628960.000000,-139.1268,-2471.5904,3559.8458,4335.9679,9491.7448,9
2024-04-29T02:16:30,767628990.000000,-193.1815,-3296.0751,5816.3791,6688.1759,13531.8747,9
2024-04-29T02:17:00,767629020.000000,-235.9143,-3858.1097,8143.7018,9014.4631,17315.9634,9
2024-04-29T02:17:30,767629050.000000,-265.4699,-4145.9453,10464.8886,11259.3619,20825.8421,9
2024-04-29T02:18:00,767629080.000000,-416.2037,-4211.8596,14598.4224,15199.5698,25061.2441,8
2024-04-29T02:18:30,767629110.000000,-289.1218,-3881.4806,14913.0228,15412.5835,26999.2976,10
2024-04-29T02:19:00,767629140.000000,-303.5281,-3401.0975,16765.6973,17109.8860,29529.9572,10
2024-04-29T02:19:30,767629170.000000,-100.5763,-2677.0003,17953.7566,18152.5156,31379.5747,9
2024-04-29T02:20:00,767629200.000000,-366.8906,-1893.9282,19514.0620,19609.1863,33446.7600,10
2024-04-29T02:20:30,767629230.000000,-451.0557,-1045.7553,20331.0359,20362.9093,34814.0289,10
2024-04-29T02:21:00,767629260.000000,-451.8805,-884.5793,20735.6695,20759.4477,35776.6634,10
2024-04-29T02:21:30,767629290.000000,124.1000,-1752.4403,20729.2866,20803.5999,36336.6921,10
2024-04-29T02:22:00,767629320.000000,317.2068,-2720.0799,20322.8040,20506.4823,36500.3409,10
2024-04-29T02:22:30,767629350.000000,434.5949,-3687.3058,19545.4411,19894.9583,36278.9201,10
2024-04-29T02:23:00,767629380.000000,535.9842,-4547.4486,18393.6094,18954.9845,35666.8726,11
2024-04-29T02:23:30,767629410.000000,655.8342,-5358.9705,17210.8675,18037.8114,34871.4338,11
2024-04-29T02:24:00,767629440.000000,782.6863,-6031.8561,15825.5458,16954.1672,33770.3074,11
2024-04-29T02:24:30,767629470.000000,904.8913,-6537.6320,14285.3425,15736.2788,32378.9882,11
2024-04-29T02:25:00,767629500.000000,1398.3761,-6756.0979,13238.7041,14928.6169,31228.3382,10
2024-04-29T02:25:30,767629530.000000,1501.1206,-6880.6070,11575.6265,13549.5846,29329.0267,10
2024-04-29T02:26:00,767629560.000000,1574.9680,-6815.2432,9884.1012,12108.8199,27165.1968,10
2024-04-29T02:26:30,767629590.000000,1687.5004,-5604.7473,8546.5831,10358.8094,25215.4338,8
2024-04-29T02:27:00,767629620.000000,4496.2524,-2230.2638,-6366.8813,8107.2523,15053.1462,5
2024-04-29T02:27:30,767629650.000000,4100.3545,-1525.8336,-6397.4189,7750.3577,12788.4001,5
2024-04-29T02:28:00,767629680.000000,1506.8168,-4110.1103,3467.5736,5584.5832,15890.6234,6
2024-04-29T02:28:30,767629710.000000,1034.7945,-4119.4612,1893.0880,4650.2196,12394.8645,7
2024-04-29T02:29:00,767629740.000000,798.3922,-2997.1706,823.0575,3209.0318,8727.4395,7
2024-04-29T02:29:30,767629770.000000,497.9440,-1734.4977,-100.4161,1807.3500,4753.0610,8
2024-04-29T02:30:00,767629800.000000,125.6404,-172.6801,-639.5746,674.2845,676.8752,7
2024-04-29T02:30:30,767629830.000000,443.9176,-1827.1270,-496.7475,1944.7915,4626.3332,7
2024-04-29T02:31:00,767629860.000000,767.7546,-3518.6409,-750.8793,3678.8722,8182.1118,6
2024-04-29T02:31:30,767629890.000000,1115.5490,-5126.2611,-1203.6127,5382.5353,11492.2205,6
2024-04-29T02:32:00,767629920.000000,1476.5433,-6671.1508,-1889.8090,7089.1333,14512.8496,6
2024-04-29T02:32:30,767629950.000000,1846.0029,-8141.8208,-2804.6516,8806.9884,17234.4747,6
2024-04-29T02:33:00,767629980.000000,2222.1808,-9530.0890,-3943.0733,10550.2849,19645.1358,6
2024-04-29T02:33:30,767630010.000000,2602.3885,-10823.0322,-5303.7717,12330.4682,21730.9169,6
2024-04-29T02:34:00,767630040.000000,2985.7286,-12013.5224,-6888.8664,14166.7137,23476.7628,6
2024-04-29T02:34:30,767630070.000000,3212.9996,-13945.9483,-7776.5473,16287.6496,25827.1932,7
2024-04-29T02:35:00,767630100.000000,3655.0940,-10932.0335,-11482.8678,16270.3817,24458.6334,8
2024-04-29T02:35:30,767630130.000000,3919.9270,-11055.4210,-13282.4782,17720.3947,25126.7238,8
2024-04-29T02:36:00,767630160.000000,4129.9457,-10950.5988,-15018.4427,19040.1073,25575.1490,8
2024-04-29T02:36:30,767630190.000000,4272.0723,-10591.0665,-16560.2188,20116.2158,25840.4721,8
2024-04-29T02:37:00,767630220.000000,4900.0170,-11679.2417,-21935.9576,25329.8458,23432.5846,7
2024-04-29T02:37:30,767630250.000000,4695.1761,-10208.9783,-21667.4817,24407.9429,24182.4684,7
2024-04-29T02:38:00,767630280.000000,4433.1083,-8708.7254,-21043.7593,23202.0291,24731.4462,7
2024-04-29T02:38:30,767630310.000000,4112.0883,-7204.1582,-20114.1192,21757.4575,25071.7741,7
2024-04-29T02:39:00,767630340.000000,3507.0611,-6123.9253,-17028.0411,18432.4747,26649.0474,8
2024-04-29T02:39:30,767630370.000000,3080.6007,-4791.3894,-15372.2712,16393.7255,26632.6173,8
2024-04-29T02:40:00,767630400.000000,2634.9084,-3572.4865,-13551.6215,14260.1490,26311.1791,8
2024-04-29T02:40:30,767630430.000000,1314.6030,-1656.7249,-12108.7580,12292.0682,24840.8769,9
2024-04-29T02:41:00,767630460.000000,563.6326,-267.0683,-5672.2858,5706.4729,26089.0933,10
2024-04-29T02:41:30,767630490.000000,243.1932,65.5677,-5083.4263,5089.6626,24040.4680,9
2024-04-29T02:42:00,767630520.000000,-63.1420,360.4496,-4538.5481,4553.2769,21606.7411,9
2024-04-29T02:42:30,767630550.000000,-305.5616,568.4921,-3987.0442,4038.9445,18833.0677,9
2024-04-29T02:43:00,767630580.000000,-463.7218,685.8013,-3421.6339,3520.3607,15724.5854,9
2024-04-29T02:43:30,767630610.000000,-537.8002,693.5739,-2852.1517,2984.1319,12287.9336,9
2024-04-29T02:44:00,767630640.000000,-519.5932,589.0445,-2280.1542,2411.6496,8527.1106,9
2024-04-29T02:44:30,767630670.000000,-399.7325,357.7209,-1705.7984,1788.1550,4446.7973,9
2024-04-29T02:45:00,767630700.000000,-191.4296,-5.9248,-1139.5368,1155.5191,51.2109,9
2024-04-29T02:45:30,767630730.000000,-421.9051,415.3753,-1559.4065,1668.0196,4574.9677,9
2024-04-29T02:46:00,767630760.000000,-645.7210,891.6193,-1812.3436,2120.5023,8827.9838,9
2024-04-29T02:46:30,767630790.000000,-849.8117,1395.1786,-1925.4697,2525.1014,12826.1231,9
2024-04-29T02:47:00,767630820.000000,-1036.9850,2004.3897,-1589.7364,2760.4669,16851.0850,8
2024-04-29T02:47:30,767630850.000000,-1169.3661,2503.6756,-1461.8542,3126.1520,20312.7499,8
2024-04-29T02:48:00,767630880.000000,-1261.7438,2999.8783,-1251.4779,3486.7555,23478.9116,8
2024-04-29T02:48:30,767630910.000000,-1211.5189,3583.5813,-588.2341,3828.2963,26696.3612,7
2024-04-29T02:49:00,767630940.000000,-1235.0480,4023.5317,-194.0830,4213.2908,29282.4448,7
2024-04-29T02:49:30,767630970.000000,-1225.9201,4439.6295,285.1109,4614.5941,31583.7965,7
2024-04-29T02:50:00,767631000.000000,-1064.0808,4878.3112,1225.5386,5141.2190,33948.4219,6
2024-04-29T02:50:30,767631030.000000,-757.9844,4304.1443,2884.3760,5236.3942,36684.7223,7
2024-04-29T02:51:00,767631060.000000,-651.4341,4473.8111,3658.3149,5815.7218,38224.8065,7
2024-04-29T02:51:30,767631090.000000,-531.4673,4582.2567,4446.0628,6406.7939,39428.0367,7
2024-04-29T02:52:00,767631120.000000,-409.2439,4621.1049,5199.2285,6968.0749,40270.3810,7
2024-04-29T02:52:30,767631150.000000,-51.6893,5057.3846,6425.0743,8176.8815,41171.0547,7
2024-04-29T02:53:00,767631180.000000,-21.5452,4968.8156,6579.6021,8245.0444,40805.0691,7
2024-04-29T02:53:30,767631210.000000,-7.2889,4845.4230,6599.9067,8187.6093,40024.4524,7
2024-04-29T02:54:00,767631240.000000,-11.9310,4704.8598,6500.8551,8024.7719,38829.1488,7
2024-04-29T02:54:30,767631270.000000,-38.2463,4540.7413,6266.3131,7738.6351,37225.0629,7
2024-04-29T02:55:00,767631300.000000,-81.0735,4362.1310,5899.0406,7337.1275,35222.2471,7
2024-04-29T02:55:30,767631330.000000,-342.8425,4331.6991,4716.7661,6413.1927,32201.3081,8
2024-04-29T02:56:00,767631360.000000,-300.7530,4049.9896,4512.3890,6070.7925,29818.3459,8
2024-04-29T02:56:30,767631390.000000,-1795.0974,4276.7364,2405.0074,5224.6445,25085.3506,9
2024-04-29T02:57:00,767631420.000000,-1567.9781,3763.6121,2708.8203,4895.0014,22720.6258,8
2024-04-29T02:57:30,767631450.000000,-1294.7851,3160.7910,2648.1960,4322.0377,19866.7838,8
2024-04-29T02:58:00,767631480.000000,-1020.8779,2499.5667,2407.9384,3617.7608,16679.2865,8
2024-04-29T02:58:30,767631510.000000,-744.4421,1779.4692,1966.1668,2754.3632,13157.5947,8
2024-04-29T02:59:00,767631540.000000,-480.0080,1023.6031,1304.2035,1726.0121,9303.3474,8
2024-04-29T02:59:30,767631570.000000,-215.9616,235.4173,405.0011,515.8359,5119.4817,8
2024-04-29T03:00:00,767631600.000000,74.1488,-485.7009,-894.0020,1020.1191,469.1324,9
2024-04-29T03:00:30,767631630.000000,112.4364,589.3824,-216.4551,637.8608,4473.3002,9
2024-04-29T03:01:00,767631660.000000,178.3565,1579.4726,623.0071,1707.2442,8177.3287,9
2024-04-29T03:01:30,767631690.000000,255.2065,2482.4281,1621.5818,2976.0893,11634.2250,9
2024-04-29T03:02:00,767631720.000000,344.9506,3256.1037,2767.2254,4287.0431,14852.0714,9
2024-04-29T03:02:30,767631750.000000,398.8325,4514.9476,3492.1025,5721.7653,17207.6510,10
2024-04-29T03:03:00,767631780.000000,468.9637,5076.5055,4916.5126,7082.5794,19953.0048,10
2024-04-29T03:03:30,767631810.000000,527.0022,5454.0144,6470.0576,8478.5405,22518.7295,10
2024-04-29T03:04:00,767631840.000000,556.8553,5614.5752,8150.7774,9913.0578,24908.2696,10
2024-04-29T03:04:30,767631870.000000,559.7443,5570.9351,9924.3570,11394.8011,27127.6251,10
2024-04-29T03:05:00,767631900.000000,531.2211,5301.5767,11761.3588,12911.9507,29177.3865,10
2024-04-29T03:05:30,767631930.000000,477.7019,4809.5220,13635.4382,14466.6816,31054.7566,10
2024-04-29T03:06:00,767631960.000000,381.9549,4100.1712,15502.8126,16040.4018,32753.6305,10
2024-04-29T03:06:30,767631990.000000,247.5161,3202.4670,17514.4482,17806.5425,34383.0947,9
2024-04-29T03:07:00,767632020.000000,31.5773,2107.7628,19550.5431,19663.8602,35886.5280,8
2024-04-29T03:07:30,767632050.000000,-271.1683,898.8489,21178.8210,21199.6208,36992.9535,8
2024-04-29T03:08:00,767632080.000000,-1009.9856,213.1997,22553.9856,22577.5949,37814.0711,8
2024-04-29T03:08:30,767632110.000000,-608.4290,1530.9272,20434.2545,20500.5532,36137.1721,8
2024-04-29T03:09:00,767632140.000000,-402.5171,2612.3954,19383.4440,19562.8354,35045.1420,9
2024-04-29T03:09:30,767632170.000000,-278.7738,3556.8544,17502.8270,17862.7512,33307.1546,9
2024-04-29T03:10:00,767632200.000000,-168.5908,4245.6042,15106.2016,15692.3837,31059.3613,9
2024-04-29T03:10:30,767632230.000000,-55.5727,4651.5162,12350.5802,13197.5953,28389.3190,9
2024-04-29T03:11:00,767632260.000000,68.9482,4766.1045,9451.3531,10585.3003,25403.4992,9
2024-04-29T03:11:30,767632290.000000,187.5173,4607.3255,6613.0279,8061.9321,22216.9644,9
2024-04-29T03:12:00,767632320.000000,310.0223,4360.5739,3893.1758,5853.8479,18847.9792,9
2024-04-29T03:12:30,767632350.000000,-345.5619,3854.9376,3510.4065,5225.2187,17057.2180,10
2024-04-29T03:13:00,767632380.000000,-309.9186,3239.3461,1490.3631,3579.1891,13603.9900,9
2024-04-29T03:13:30,767632410.000000,-233.4937,2426.7839,284.3823,2454.5209,10399.6267,9
2024-04-29T03:14:00,767632440.000000,-153.9930,1537.4403,-621.8528,1665.5742,7067.4024,9
2024-04-29T03:14:30,767632470.000000,-65.0758,616.0450,-1218.0366,1366.5136,3601.6489,9
2024-04-29T03:15:00,767632500.000000,39.6705,-298.8048,-1502.3345,1532.2751,-10.4450,9
2024-04-29T03:15:30,767632530.000000,-132.1316,496.6384,-1296.9324,1395.0420,3653.6766,9
2024-04-29T03:16:00,767632560.000000,-289.7720,1115.7511,-1302.7564,1739.5524,7032.8088,9
2024-04-29T03:16:30,767632590.000000,-443.0632,1548.2015,-1402.5645,2135.5140,10197.9127,9
2024-04-29T03:17:00,767632620.000000,-559.7422,2484.6531,-225.2154,2556.8603,14177.0212,10
2024-04-29T03:17:30,767632650.000000,-688.9274,2875.7024,225.9030,2965.6900,17438.5493,10
2024-04-29T03:18:00,767632680.000000,-817.8199,3164.9304,844.4573,3376.1993,20634.5149,10
2024-04-29T03:18:30,767632710.000000,-964.9155,3257.4594,2405.7336,4162.8905,24348.9901,9
2024-04-29T03:19:00,767632740.000000,-1100.6267,3490.0284,3400.3299,4995.3900,27398.6410,9
2024-04-29T03:19:30,767632770.000000,-1220.5560,3566.9852,5882.1756,6986.6394,31365.4220,8
2024-04-29T03:20:00,767632800.000000,-1062.6438,3897.0971,5427.6283,6765.7762,32779.3829,7
2024-04-29T03:20:30,767632830.000000,-2322.0899,4114.5632,13551.9948,14351.9440,40717.2219,6
2024-04-29T03:21:00,767632860.000000,-2400.1767,4697.9785,14356.5253,15295.1518,42633.6351,6
2024-04-29T03:21:30,767632890.000000,-2445.0969,5235.0359,15008.6999,16082.4492,44172.8933,6
2024-04-29T03:22:00,767632920.000000,-2453.0352,5769.2456,15493.1554,16713.4509,45311.8907,6
2024-04-29T03:22:30,767632950.000000,-1973.7223,5973.3921,13161.1634,14587.4335,43923.0493,7
2024-04-29T03:23:00,767632980.000000,-1421.2256,5404.3847,9831.1251,11308.3278,41418.3028,8
2024-04-29T03:23:30,767633010.000000,-1263.6305,5508.6867,9302.4149,10884.7285,40851.2405,8
2024-04-29T03:24:00,767633040.000000,-1090.3943,5574.6816,8664.3885,10360.3892,39895.9612,8
2024-04-29T03:24:30,767633070.000000,-939.9279,5522.4249,7705.5548,9526.6057,38370.3700,9
2024-04-29T03:25:00,767633100.000000,-747.7521,5448.1898,6865.4549,8796.3843,36618.5422,8
2024-04-29T03:25:30,767633130.000000,-570.3640,5315.6884,6031.2303,8059.6276,34542.4494,8
2024-04-29T03:26:00,767633160.000000,-406.3047,5108.7752,5175.9883,7283.9222,32119.3651,8
2024-04-29T03:26:30,767633190.000000,-164.5661,4100.4157,2712.3428,4919.0745,27980.7842,9
2024-04-29T03:27:00,767633220.000000,-58.2566,3680.2226,1876.3066,4131.3386,24858.5870,9
2024-04-29T03:27:30,767633250.000000,24.1876,3213.6402,1103.0916,3397.7756,21443.6113,9
2024-04-29T03:28:00,767633280.000000,89.8778,2688.2006,430.9838,2724.0132,17743.2069,9
2024-04-29T03:28:30,767633310.000000,-72.2985,1829.0859,-683.3210,1953.8961,13298.2583,10
2024-04-29T03:29:00,767633340.000000,-26.1488,1241.5716,-1017.3259,1605.3460,9134.5316,10
2024-04-29T03:29:30,767633370.000000,6.9271,638.8323,-1259.2458,1412.0392,4675.7553,9
2024-04-29T03:30:00,767633400.000000,94.9052,-7.3956,-1214.9129,1218.6365,63.7876,9
2024-04-29T03:30:30,767633430.000000,19.2669,595.5269,-1519.4240,1632.0762,4569.8519,9
2024-04-29T03:31:00,767633460.000000,-88.4386,1089.8512,-1940.8863,2227.6976,8688.2946,9
2024-04-29T03:31:30,767633490.000000,-225.9408,1473.4957,-2433.5860,2853.8710,12458.3728,9
2024-04-29T03:32:00,767633520.000000,-387.6714,1746.2213,-2958.1398,3456.9016,15901.0627,9
2024-04-29T03:32:30,767633550.000000,-518.6412,1985.0137,-3739.8870,4265.6796,18824.7694,8
2024-04-29T03:33:00,767633580.000000,-769.8652,2082.7179,-4497.0664,5015.3776,21446.9230,7
2024-04-29T03:33:30,767633610.000000,-914.0405,1984.5585,-4993.3771,5450.4823,23936.2825,8
2024-04-29T03:34:00,767633640.000000,-1093.8779,1790.1882,-5274.7235,5676.6232,26254.4860,8
2024-04-29T03:34:30,767633670.000000,-1411.6217,642.7090,-6576.0530,6756.4949,27257.8252,9
2024-04-29T03:35:00,767633700.000000,-1561.4299,171.1668,-6759.5123,6939.6231,28907.0107,9
2024-04-29T03:35:30,767633730.000000,-1690.5908,-344.7173,-6841.8530,7056.0527,30275.6647,9
2024-04-29T03:36:00,767633760.000000,-3226.5058,-1765.0519,-9361.1425,10057.6706,29247.3883,10
2024-04-29T03:36:30,767633790.000000,-3382.4086,-2425.5654,-9485.7124,10358.7063,29815.8660,10
2024-04-29T03:37:00,767633820.000000,-3495.5663,-3067.0215,-9522.0506,10596.9359,30088.6409,10
2024-04-29T03:37:30,767633850.000000,-3550.3332,-3691.2192,-9485.8402,10780.1266,30056.8748,10
2024-04-29T03:38:00,767633880.000000,-3555.8379,-4275.7105,-9388.1830,10911.6298,29720.6523,10
2024-04-29T03:38:30,767633910.000000,-3527.1302,-4859.9426,-8849.4150,10694.4769,29379.5641,9
2024-04-29T03:39:00,767633940.000000,-3423.2468,-5312.0910,-8715.8327,10765.8102,28374.0774,9
2024-04-29T03:39:30,767633970.000000,-3276.3344,-5696.6262,-8448.5654,10703.4656,27137.1974,9
2024-04-29T03:40:00,767634000.000000,-3092.8494,-5992.9926,-8046.6289,10499.0435,25687.8412,9
2024-04-29T03:40:30,767634030.000000,-3156.3617,-6342.8513,-9324.3318,11710.5740,22575.4606,8
2024-04-29T03:41:00,767634060.000000,-2849.3342,-6412.4161,-8376.7891,10927.4143,20960.1309,8
2024-04-29T03:41:30,767634090.000000,-2519.5279,-6289.4641,-7321.1448,9975.1963,19167.2905,8
2024-04-29T03:42:00,767634120.000000,-2158.2207,-5966.6562,-6188.2936,8863.0627,17191.4098,8
2024-04-29T03:42:30,767634150.000000,-1786.5076,-5431.0341,-5022.4300,7610.0292,15026.5772,8
2024-04-29T03:43:00,767634180.000000,-1407.0121,-4669.1226,-3861.7134,6220.3873,12664.2982,8
2024-04-29T03:43:30,767634210.000000,-1025.9643,-3544.2960,-2516.4739,4466.2375,10303.7742,9
2024-04-29T03:44:00,767634240.000000,-647.6934,-2422.6295,-1738.0760,3051.1553,7323.1790,9
2024-04-29T03:44:30,767634270.000000,-280.4689,-1149.8337,-1177.9016,1669.8001,4039.4733,8
2024-04-29T03:45:00,767634300.000000,55.6857,270.6518,-935.6525,975.6018,393.0358,8
2024-04-29T03:45:30,767634330.000000,-301.3405,-1092.7923,-868.5253,1428.0537,4223.5165,8
2024-04-29T03:46:00,767634360.000000,-575.5140,-2378.7870,-444.2337,2487.4057,7863.0514,8
2024-04-29T03:46:30,767634390.000000,-773.9386,-3553.8343,289.4753,3648.6319,11346.4998,8
2024-04-29T03:47:00,767634420.000000,-902.1221,-4596.7341,1303.2616,4862.3327,14664.6849,8
2024-04-29T03:47:30,767634450.000000,-968.0862,-5480.2498,2568.2520,6129.1310,17808.0483,8
2024-04-29T03:48:00,767634480.000000,-972.9203,-6187.7700,4036.3499,7451.6570,20770.2828,8
2024-04-29T03:48:30,767634510.000000,-933.1296,-6712.2487,5677.8814,8841.0039,23538.1156,8
2024-04-29T03:49:00,767634540.000000,-844.9153,-7044.3499,7441.4812,10281.6531,26102.8156,8
2024-04-29T03:49:30,767634570.000000,-1060.7828,-7663.6340,9013.9326,11878.8690,28017.8327,9
2024-04-29T03:50:00,767634600.000000,-573.2381,-7101.4490,11194.4563,13269.3267,30573.8815,8
2024-04-29T03:50:30,767634630.000000,-969.5071,-8059.1515,12541.7396,14939.3808,31513.3625,9
2024-04-29T03:51:00,767634660.000000,-909.6247,-7782.7959,14419.9664,16411.4216,33045.4973,9
2024-04-29T03:51:30,767634690.000000,-851.2881,-7299.6478,16200.2722,17789.2768,34313.1668,9
2024-04-29T03:52:00,767634720.000000,-667.3356,-6745.6200,19142.9600,20307.6745,36178.9428,9
2024-04-29T03:52:30,767634750.000000,-616.9384,-5830.3600,20382.4951,21208.9561,36726.5857,9
2024-04-29T03:53:00,767634780.000000,-583.2270,-4801.5488,21367.7469,21908.3462,36954.3636,9
2024-04-29T03:53:30,767634810.000000,-564.6908,-3697.3790,22051.2839,22366.2382,36843.2152,9
2024-04-29T03:54:00,767634840.000000,-584.2473,-2545.1048,22400.6618,22552.3514,36370.5633,9
2024-04-29T03:54:30,767634870.000000,-642.9660,-1440.0408,22348.9766,22404.5504,35515.4584,9
2024-04-29T03:55:00,767634900.000000,-791.5342,-707.2626,21875.3533,21901.0920,34255.7674,9
2024-04-29T03:55:30,767634930.000000,-540.6970,-1088.4666,20310.0948,20346.4263,32392.7822,11
2024-04-29T03:56:00,767634960.000000,-276.4067,-2050.7430,18844.5266,18957.7986,30241.0524,11
2024-04-29T03:56:30,767634990.000000,-182.0348,-2781.7396,17011.0914,17237.9942,27689.4529,11
2024-04-29T03:57:00,767635020.000000,-128.3540,-3277.8949,14845.8077,15203.9165,24751.0964,11
2024-04-29T03:57:30,767635050.000000,-81.4828,-3515.3305,12409.4361,12897.9957,21443.7815,11
2024-04-29T03:58:00,767635080.000000,-44.5605,-3451.2348,9815.9120,10405.0534,17811.1014,10
2024-04-29T03:58:30,767635110.000000,-11.4456,-3078.6949,7071.4734,7712.6019,13830.1573,10
2024-04-29T03:59:00,767635140.000000,20.2645,-2379.7030,4323.6458,4935.3125,9575.8536,10
2024-04-29T03:59:30,767635170.000000,50.8385,-1359.7267,1659.2220,2145.8003,5072.6656,10
2024-04-29T04:00:00,767635200.000000,85.2429,-10.7064,-828.4013,832.8444,357.1844,9
